,place_id,user_id,score
0,12208,o32059,3.0
1,12208,10k2j6v,4.0
2,12208,1lq0eca,3.0
3,12208,1utpk4g,3.0
4,12207,ei95om,5.0
5,12207,10gl9nf,5.0
6,12207,17855pa,5.0
7,12207,1dk2guu,5.0
8,12207,12h7a5i,5.0
9,12207,qva7ph,5.0
10,12207,qu7bh8,5.0
11,12207,o32059,5.0
12,12207,g2gppv,3.0
13,12207,8s5m7b,4.0
14,12207,lglhb9,4.0
15,12207,Dark249,
16,12207,ssubelnum,
17,12207,so****,
18,12207,cjsgmlwk,
19,12207,호이호이1228,
20,12207,kim****,
21,12207,아름이7469,
22,12207,황혜빈70,
23,12207,달콤소금,
24,12207,료짱83,
25,12207,kun****,
26,12207,Moment,
27,12207,만년사춘기소녀,
28,12207,sum****,
29,12207,wod****,
30,12207,미래요정,
31,12207,eeage,3.0
32,12207,비또똘,
33,12207,밥풀8585,
34,12207,프롬나데,
35,12207,jun****,
36,12207,huggasi,
37,12207,atcoh,
38,12207,duck0069,
39,12207,bandits65,
40,12207,사랑과기쁨98,1.0
41,12207,꿈꾸는자유,
42,12207,plucktheday26,
43,12207,배짱마눌,
44,12207,자유인4653,
45,12207,땡그랑한스푼,
46,12207,dbw****,
47,12207,poe****,
48,12207,촬스9,
49,12207,도도447,
50,12207,HHye,5.0
51,12207,이경희8897,
52,12207,그린5458,5.0
53,12207,단호박5624,
54,12207,Sangsookgo,4.0
55,12207,Mr 짹슨,
56,12207,act****,4.0
57,12207,KSYwc,
58,12207,콩순이콩콩77,3.0
59,12207,yoe****,3.0
60,12207,징미니,5.0
61,12207,해삐4363,5.0
62,12207,소영쓰69,2.0
63,12207,hmthiem,
64,12207,고구마2744,4.0
65,12207,ONE7121,5.0
66,12207,뚜뚜4587,4.0
67,12207,yor****,5.0
68,12207,아기아빠,2.0
69,12207,도무스,3.5
70,12207,스위트홈67,5.0
71,12207,yottei,4.5
72,12207,jy8852,4.5
73,12207,히마와리22,4.0
74,12207,dodoys,5.0
75,12207,idr****,5.0
76,12207,sa****,5.0
77,12207,pko0225,4.5
78,12207,비니1343,5.0
79,12207,무혼이,4.0
80,12207,Cindyteacher,4.0
81,12216,10dduqh,4.0
82,12216,f387bb,4.0
83,12216,cj2b50,5.0
84,12216,cn8dji,5.0
85,12216,10k2j6v,5.0
86,12216,1061rhi,4.0
87,12216,192rv12,4.0
88,12216,10t7vh6,4.0
89,12216,14grfcu,5.0
90,12216,mudi3l,5.0
91,12216,raknaa,4.0
92,12216,7mptf0,4.0
93,12216,109u2sc,5.0
94,12216,sh1vo6,4.0
95,12216,cefdcj,4.0
96,12216,ahk1p5,4.0
97,12216,e4m3b7,5.0
98,12216,boe8j6,4.0
99,12216,10hvf0i,5.0
100,12216,1hhsmii,5.0
101,12216,16e4kvr,5.0
102,12216,rc48up,4.0
103,12257,ek9rqu,5.0
104,12257,15h95gd,5.0
105,12257,19l5qdp,5.0
106,12257,157h9ov,5.0
107,12257,1cfvgj1,5.0
108,12257,I AM 행운아,
109,12257,슈린세스,
110,12257,내꿈은먹짱,
111,12257,신주영짱짱맨,
112,12257,ell****,
113,12257,ㅁㅌㄹ,
114,12257,원8325,
115,12257,원8325,
116,12257,이니달,
117,12257,돈까스 요정,
118,12257,곰곰이9005,
119,12257,솔직리뷰하는 지구탐험가,
120,12257,돈까스 요정,
121,12257,효빈이꼬봉,
122,12257,뿌딩이친구,
123,12257,체리마루27,
124,12257,또또또또또또또또,
125,12257,아롤롤롤로,
126,12257,현지니지니,
127,12257,히히352,
128,12257,호랑71,
129,12257,민지899,
130,12257,yz7,
131,12257,아크40,
132,12257,숲37,
133,12257,Ekkkkkkkk,
134,12257,크럼블,
135,12257,루라냐,
136,12257,Dewey14,
137,12257,숲37,
138,12257,모리모찌,
139,12257,좀고양이,
140,12257,Bomvie,
141,12257,Bell3178,
142,12257,꽃구르미이,
143,12257,성화5,
144,12257,반찬83,
145,12257,티람57,
146,12257,뱅골30,
147,12257,원츄58,
148,12257,즐건인생91,
149,12257,먹이를찾는티벳여우,
150,12257,진바람,
151,12257,나현4539,
152,12257,너귤이,
153,12257,보루매,
154,12257,잔망뚠보woo,
155,12257,돈까스 요정,
156,12257,닝링54,
157,12257,동글이6846,
158,12257,hsb****,
159,12257,진바람,
160,12257,리베2384,
161,12257,배주연,
162,12257,프로필수정5111,
163,12257,엄하다엄선생,
164,12257,티람57,
165,12257,빛카츄,
166,12257,이날라다,
167,12257,모냥72,
168,12257,엄하다엄선생,
169,12257,땅콩2184,
170,12257,gwkkkkkk,
171,12257,내가찐풍운,
172,12257,하319,
173,12257,깐따삐아65,
174,12257,수빈4146,
175,12257,qor****,
176,12257,seon30,
177,12257,gwkkkkkk,
178,12257,wjd****,
179,12257,sih918,
180,12257,shi****,
181,12257,앵지2934,
182,12257,pjw****,
183,12257,Bomvie,
184,12257,12032,
185,12257,귀요미581,
186,12257,juhe5,
187,12257,cjh****,
188,12257,kuku9998,
189,12257,어년79,
190,12257,슈퍼마미38,
191,12257,모리모찌,
192,12257,경블리s,
193,12257,GY7023,
194,12257,땡구맘33,
195,12257,나루나리링,
196,12257,좀고양이,
197,12257,유쓰마일,
198,12257,gywls102,
199,12257,SOONHO,
200,12257,블랙스완3645,
201,12257,GY7023,
202,12257,minkc,
203,12257,uuu****,
204,12257,Bomvie,
205,12257,종민이는다혜꺼,
206,12257,고여사6,
207,12257,pur****,
208,12257,샵7460,
209,12257,고여사6,
210,12257,햅번3749,
211,12257,hee6267,
212,12257,min****,
213,12257,항상신세지고있습니다,
214,12257,토랑82,
215,12257,수블린,
216,12257,뚜뚜565,
217,12257,ell****,
218,12257,대박맘54,
219,12257,이쁜이488,
220,12257,링가링가34,
221,12257,빛이나는구슬같이,
222,12257,samigina33,
223,12257,보통이99,
224,12257,알란99,
225,12257,아라0,
226,12257,쳐리,
227,12257,댕댕8573,
228,12194,era946,1.0
229,12194,158vrhl,5.0
230,12194,7kajea,5.0
231,12194,ueacfc,1.0
232,12194,1hkc1sj,5.0
233,12194,7r9sm0,5.0
234,12194,1o86hpg,5.0
235,12194,1j2hiaf,1.0
236,12194,1k0lotk,5.0
237,12194,d0g99k,5.0
238,12194,ferjnp,1.0
239,12194,12hm8v1,1.0
240,12194,ei95om,1.0
241,12194,1ig77gu,5.0
242,12194,1iok1a3,1.0
243,12194,movckg,2.0
244,12194,dceil6,1.0
245,12194,ulat1k,5.0
246,12194,vii8cg,5.0
247,12194,gl827t,1.0
248,12194,194sg5d,5.0
249,12194,g56fpj,4.0
250,12194,tpvfse,1.0
251,12194,7ns43c,1.0
252,12194,7n0jr2,1.0
253,12194,15kchn0,5.0
254,12194,v6q9qh,1.0
255,12194,r8udmb,1.0
256,12194,171g1hh,5.0
257,12194,1g56l02,1.0
258,12194,17ofce8,5.0
259,12194,bfhm5t,1.0
260,12194,a6kdh2,1.0
261,12194,qktmjh,5.0
262,12194,lnohc5,2.0
263,12194,fkfjau,5.0
264,12194,160sbav,5.0
265,12194,9u89mq,5.0
266,12194,7o07av,4.0
267,12194,10necg1,5.0
268,12194,7l477d,5.0
269,12194,frbt4h,4.0
270,12194,ei95om,3.0
271,12194,192rv12,5.0
272,12194,1426q2u,5.0
273,12194,n055ri,5.0
274,12194,ucb3ub,5.0
275,12194,u7vobt,5.0
276,12194,7l477d,5.0
277,12194,1nnc35r,4.0
278,12194,15dv6hk,5.0
279,12209,1k834ji,3.0
280,12209,17n0g7g,5.0
281,12209,k1f7s5,5.0
282,12209,oan06n,5.0
283,12209,1h3esrq,5.0
284,12209,15riao1,4.0
285,12209,al7vje,5.0
286,12209,1jvq9li,5.0
287,12209,13euo0q,5.0
288,12209,mluiom,4.0
289,12209,bldlgm,2.0
290,12209,1lq8ub0,5.0
291,12209,ar6m5h,1.0
292,12209,g1o49p,3.0
293,12209,bp7ir5,4.0
294,12209,11cr2jl,4.0
295,12209,konu6k,4.0
296,12209,voa1lv,4.0
297,12209,11t82bu,5.0
298,12209,1bugik4,3.0
299,12209,16bqb7j,5.0
300,12209,15gio3c,4.0
301,12209,1jgk6cu,5.0
302,12209,8nqubf,5.0
303,12209,13vnlht,5.0
304,12209,1jalhqi,5.0
305,12209,15gi4fi,5.0
306,12209,17a8r54,4.0
307,12209,muduho,3.0
308,12209,mtsn58,4.0
309,12209,14lgbq8,5.0
310,12209,8tkdhm,5.0
311,12209,1h0d69k,5.0
312,12209,1a4iqga,4.0
313,12209,f1vnfs,4.0
314,12209,fkfake,5.0
315,12209,vii8cg,4.0
316,12209,19hbs9o,3.0
317,12209,lqspdh,5.0
318,12209,1c2qg1j,5.0
319,12209,17j63a7,4.0
320,12209,14mokf1,4.0
321,12209,198plks,5.0
322,12209,sk0vhl,5.0
323,12209,trkcqd,5.0
324,12209,184prbo,5.0
325,12209,1bs17oc,5.0
326,12209,ak4ple,1.0
327,12209,mukr45,5.0
328,12209,1bn2o2u,4.0
329,12209,92uuj9,5.0
330,12209,117brir,5.0
331,12209,17c02ir,5.0
332,12209,11n8nuk,4.0
333,12209,gh3ck1,3.0
334,12209,ffaulk,4.0
335,12209,14p54rd,2.0
336,12209,7kt08q,4.0
337,12209,10hjuse,5.0
338,12209,9u89mq,3.0
339,12209,frgo8h,5.0
340,12209,146vub9,5.0
341,12209,apd0o0,5.0
342,12209,9bjs4q,4.0
343,12209,e5t78u,1.0
344,12209,1042bsg,5.0
345,12209,100dlpu,5.0
346,12209,jss465,5.0
347,12209,rup99k,4.0
348,12209,qu7bh8,5.0
349,12209,mpfs6a,4.0
350,12209,f8fghn,4.0
351,12209,t9pfle,2.0
352,12209,ff704n,4.0
353,12209,10a73pc,4.0
354,12209,mi0vj8,5.0
355,12209,10d498d,3.0
356,12209,uik9b5,2.0
357,12209,ult3pb,5.0
358,12209,nblisv,5.0
359,12209,f1qm28,4.0
360,12209,bu70f3,4.0
361,12209,av671d,4.0
362,12209,o2gpd9,5.0
363,12209,e2jsnb,3.0
364,12209,o32059,5.0
365,12209,rmuk0v,5.0
366,12209,10hvf0i,3.0
367,12209,10lppbh,2.0
368,12209,mib7of,4.0
369,12209,7kd3eq,3.0
370,12209,boe8j6,5.0
371,12209,v1vg8o,3.0
372,12209,bfnv4m,5.0
373,12209,ec5fm4,3.0
374,12209,7l477d,4.0
375,12209,7pefkb,4.0
376,12209,1utpk4g,3.0
377,12209,1b2038o,3.0
378,12209,뾰로로롱6491,
379,12209,히아신스6618,
380,12209,미니치이즈,
381,12209,myungmyung,4.5
382,12209,아임쏘해피뽕따,
383,12209,j41****,
384,12209,슈이57,
385,12209,여성능력개발,
386,12209,도레미2713,
387,12209,메이짱47,
388,12209,분홍색,
389,12209,briankim9,
390,12209,Romantic Day,
391,12209,staygold34,
392,12209,꽉찬하루,
393,12209,mii****,
394,12209,고구마2860,
395,12209,nekoyokan,
396,12209,이루다1752,
397,12209,Juhee97,
398,12209,Power6811,
399,12209,kjh****,
400,12209,koy****,
401,12209,꼬불맘,
402,12209,최향19,
403,12209,금곡동88,
404,12209,최향19,
405,12209,ant훗,5.0
406,12209,pys2605,3.0
407,12209,커먼요57,4.0
408,12209,wendy1181,5.0
409,12209,psk91,2.5
410,12209,라무1842,4.0
411,12209,도토리8544,5.0
412,12209,횡재수,2.5
413,12209,명휘16,5.0
414,12209,kek****,5.0
415,12209,Null3544,5.0
416,12209,mrh****,5.0
417,12209,mkscho,5.0
418,12209,똘똘한한채,3.0
419,12209,eunnnb,4.0
420,12209,스킨다브스73,3.0
421,12209,사랑나눔55,4.0
422,12209,김코코94,5.0
423,12209,tjr****,5.0
424,12209,이예진2158,5.0
425,12209,rla****,3.5
426,12209,bbs****,5.0
427,12209,dbstnwls20,5.0
428,12209,박희태5058,4.5
429,12209,소율248,4.0
430,12209,ihs8441,4.0
431,12209,블루12,5.0
432,12209,열공맘76,5.0
433,12209,fro****,5.0
434,12209,이쁜여우14,4.0
435,12209,njs****,5.0
436,12209,정옥숙7,5.0
437,12209,슈퍼맨478,5.0
438,12209,서인3613,3.0
439,12209,aram1913,5.0
440,12209,njs****,5.0
441,12209,이창환91,4.5
442,12209,정주리10,5.0
443,12209,아줌마3667,4.5
444,12209,정주리10,4.0
445,12209,정유라4299,4.0
446,12209,gro****,4.0
447,12209,mom****,5.0
448,12209,영쮸82,4.5
449,12209,내맘이지,5.0
450,12209,tns****,3.0
451,12209,kit****,3.5
452,12209,독수리64,3.5
453,12209,evo****,5.0
454,12209,dlw****,4.0
455,12209,wlg****,4.0
456,12209,이쁜이3102,4.0
457,12209,dbt****,5.0
458,12209,sef****,4.5
459,12209,코스모스4581,5.0
460,12209,dlg****,1.0
461,12209,sso****,4.0
462,12209,zs****,4.0
463,12209,kyj****,4.5
464,12209,쮸완맘,2.0
465,12209,KB공인중개사,4.0
466,12209,kio****,4.5
467,12209,삐리삐리뿡,5.0
468,12209,제니아26,4.0
469,12209,evo****,5.0
470,12209,최정순56,4.0
471,12209,숙취엔쵸코우유,5.0
472,12209,non****,5.0
473,12209,우기우기9912,5.0
474,12209,블랙소92,4.0
475,12218,1utpk4g,5.0
476,12218,m28r9r,5.0
477,12218,rulc2d,5.0
478,12218,vfr9cq,5.0
479,12218,k1f7s5,4.0
480,12218,10bf0d0,5.0
481,12218,al7vje,3.0
482,12218,14agfkb,3.0
483,12218,1jvq9li,5.0
484,12218,ci5a38,5.0
485,12218,fos6qo,5.0
486,12218,gfd2l6,4.0
487,12218,11etfrh,5.0
488,12218,nbh0u6,5.0
489,12218,1kbjlso,5.0
490,12218,muq8le,5.0
491,12218,1j2algs,5.0
492,12218,mur1d1,5.0
493,12218,166ktik,5.0
494,12218,1026s5o,5.0
495,12218,17snd2g,5.0
496,12218,1i78ja6,5.0
497,12218,g1o49p,5.0
498,12218,1jetaip,5.0
499,12218,11sv918,5.0
500,12218,13mnn1t,4.0
501,12218,1gbi6ig,1.0
502,12218,fr95ng,5.0
503,12218,17l2083,5.0
504,12218,konu6k,5.0
505,12218,1b2dspe,4.0
506,12218,1d48hdj,1.0
507,12218,11qrh1r,5.0
508,12218,1lbekga,5.0
509,12218,vv3d9g,5.0
510,12218,1api996,5.0
511,12218,betnij,5.0
512,12218,o20lmf,5.0
513,12218,1hkau6s,4.0
514,12218,15n5lue,2.0
515,12218,7mtif8,5.0
516,12218,egqso2,5.0
517,12218,1e9emeg,5.0
518,12218,d0sh26,5.0
519,12218,15gio3c,5.0
520,12218,126l72h,1.0
521,12218,1b0ibo2,5.0
522,12218,1bs6d3m,5.0
523,12218,10g03lf,5.0
524,12218,1jgk6cu,4.0
525,12218,rli8ng,5.0
526,12218,18lcb06,5.0
527,12218,c6cvcc,5.0
528,12218,160b0vb,5.0
529,12218,17p1kmq,5.0
530,12218,15dv6hk,5.0
531,12218,7lep9i,5.0
532,12218,1hakvdl,5.0
533,12218,mtsn58,5.0
534,12218,13uthq0,4.0
535,12218,riri0s,5.0
536,12218,1cvor4p,5.0
537,12218,n04399,5.0
538,12218,urm99l,5.0
539,12218,rkdku8,5.0
540,12218,ksai05,5.0
541,12218,1e67uj6,1.0
542,12218,1d8mom8,5.0
543,12218,fkfake,5.0
544,12218,e9s3v1,4.0
545,12218,1fkbc6a,5.0
546,12218,vd3p8v,3.0
547,12218,vii8cg,5.0
548,12218,1b861nv,5.0
549,12218,ejcdtm,5.0
550,12218,1coa7j7,5.0
551,12218,fq5t2u,5.0
552,12218,11eiqpk,5.0
553,12218,1ci1248,3.0
554,12218,11f7afh,5.0
555,12218,c17pgu,5.0
556,12218,n0ki3k,5.0
557,12218,1dtr39a,5.0
558,12218,1db51ff,5.0
559,12218,17s9p2n,5.0
560,12218,14cd09l,5.0
561,12218,af3ghl,5.0
562,12218,mukr45,5.0
563,12218,flu9c0,5.0
564,12218,ff704n,5.0
565,12218,1bn2o2u,5.0
566,12218,mp78qo,5.0
567,12218,1bk4lom,5.0
568,12218,185vo1d,5.0
569,12218,1bavbin,5.0
570,12218,8tkdhm,5.0
571,12218,rna5o2,5.0
572,12218,c5hqod,5.0
573,12218,ceedpt,4.0
574,12218,ei95om,5.0
575,12218,v7kgal,4.0
576,12218,10lvukm,4.0
577,12218,cpca7k,5.0
578,12218,u0spnd,5.0
579,12218,153rlt2,5.0
580,12218,14p54rd,5.0
581,12218,9u89mq,5.0
582,12218,12ct3ha,4.0
583,12218,loojfs,5.0
584,12218,o32059,5.0
585,12218,vjjuo8,5.0
586,12218,1038bsp,5.0
587,12218,spuim2,4.0
588,12218,n36lu4,5.0
589,12218,10a7u8i,5.0
590,12218,delfte,5.0
591,12218,90f333,5.0
592,12218,qu7bh8,5.0
593,12218,10iip8s,5.0
594,12218,e8ro6t,4.0
595,12218,o5qr9s,2.0
596,12218,gb78nc,5.0
597,12218,f50v4i,4.0
598,12218,bfnv4m,3.0
599,12218,10a73pc,5.0
600,12218,11oafcd,3.0
601,12218,10cgb7r,5.0
602,12218,g53lq2,3.0
603,12218,7kp6ed,5.0
604,12218,fsgu1v,3.0
605,12218,shentv,5.0
606,12218,11qpcu8,4.0
607,12154,m28r9r,4.0
608,12154,158vrhl,5.0
609,12154,128k4a3,5.0
610,12154,7kq27m,5.0
611,12154,fo2uaa,4.0
612,12154,7pn1s3,5.0
613,12154,uptcll,4.0
614,12154,gdbmiq,1.0
615,12154,e4j9t4,3.0
616,12188,entia333,
617,12196,1ggu7mf,1.0
618,12196,k0tmtq,5.0
619,12196,10qu7ov,4.0
620,12196,shentv,5.0
621,12196,reai4f,5.0
622,12196,7km90m,4.0
623,12196,ks1rts,4.0
624,12196,qm4i36,5.0
625,12196,10k323i,5.0
626,12196,ko728m,4.0
627,12196,109evmd,2.0
628,12196,d3pb0j,5.0
629,12196,n9e1df,5.0
630,12178,bog3b2,5.0
631,12178,7lqnno,5.0
632,12178,10k323i,5.0
633,12178,1cvor4p,4.0
634,12178,1pob49b,4.0
635,12163,908ajj,5.0
636,12163,n3n0k8,4.0
637,12163,7nefi5,1.0
638,12163,lpb3ch,1.0
639,12163,141tuod,5.0
640,12163,c4sh5f,5.0
641,12163,lpqrhh,5.0
642,12163,103qgth,5.0
643,12163,fp819s,5.0
644,12163,fos6qo,5.0
645,12163,도담4979,5.0
646,12163,키작은나무,5.0
647,12163,앙탈86,5.0
648,12163,무제0,4.0
649,12163,muunlight,5.0
650,12163,룰루랄라짱,5.0
651,12163,행복하샘,4.0
652,12163,토낑이8247,5.0
653,12163,khp****,5.0
654,12163,ebb****,5.0
655,12163,yidkdi,5.0
656,12163,크리스탈299,5.0
657,12163,jangmee22,5.0
658,12163,Sin22,2.0
659,12163,seo****,5.0
660,12163,zz****,5.0
661,12163,나희찡,5.0
662,12163,슬기로운생활8578,5.0
663,12163,the****,5.0
664,12163,yidkdi,5.0
665,12163,크리스탈299,5.0
666,12163,jangmee22,5.0
667,12163,Sin22,2.0
668,12163,seo****,5.0
669,12163,zz****,5.0
670,12163,나희찡,5.0
671,12163,슬기로운생활8578,5.0
672,12163,the****,5.0
673,12146,e4gmav,2.0
674,12146,ar6m5h,4.0
675,12146,7lk04m,5.0
676,12146,d4assj,5.0
677,12146,udqre1,5.0
678,12146,1i4h4hc,4.0
679,12146,1k4a7pk,5.0
680,12146,1bse1ug,2.0
681,12146,ei95om,1.0
682,12146,sk0vhl,5.0
683,12146,7kpo6b,5.0
684,12146,rkdku8,2.0
685,12146,bog3b2,5.0
686,12146,qm4i36,3.0
687,12146,7kag90,3.0
688,12146,h453ln,5.0
689,12146,eatrv5,5.0
690,12146,kc4i7s,5.0
691,12146,10k323i,4.0
692,12220,mtd7a7,3.0
693,12252,a3tvo3,4.0
694,12252,m7d4rq,3.0
695,12252,10k2j6v,1.0
696,12252,1tolk66,2.0
697,12252,1qmkvh0,5.0
698,12252,ulte03,5.0
699,12248,usb58k,4.0
700,12145,1da8b42,5.0
701,12145,tcu9pr,1.0
702,12145,ls7b0n,2.0
703,12145,10b95a7,1.0
704,12145,k3onp0,1.0
705,12145,1a05clb,3.0
706,12145,rkp0p6,2.0
707,12145,fsgu1v,3.0
708,12145,99ha60,5.0
709,12145,v1efm5,3.0
710,12145,rup99k,1.0
711,12145,o32059,4.0
712,12182,1f4pdig,5.0
713,12182,uptcll,5.0
714,12182,jss465,5.0
715,12182,g2c24l,4.0
716,12182,10k2j6v,1.0
717,12182,ei95om,4.0
718,12182,천하를얻으리라,5.0
719,12210,s1ldtm,5.0
720,12210,13gqbvi,5.0
721,12210,11if1ko,5.0
722,12210,oan06n,5.0
723,12210,mvm8kd,5.0
724,12210,7m5b4q,4.0
725,12210,egqso2,5.0
726,12210,1ln3q6s,5.0
727,12210,gapk1p,5.0
728,12210,143qsrs,5.0
729,12210,n2trqm,5.0
730,12210,182vgqm,5.0
731,12210,1jetaip,5.0
732,12210,1ffjbgd,4.0
733,12210,o2o6al,1.0
734,12210,fkfqi4,5.0
735,12210,14nvjjd,5.0
736,12210,bes6dn,5.0
737,12210,npairc,5.0
738,12210,r1natt,5.0
739,12210,1e81e4h,4.0
740,12210,7m6j3s,5.0
741,12210,1coe2bd,5.0
742,12210,ampsmv,5.0
743,12210,tcqkm0,4.0
744,12210,1cvor4p,5.0
745,12210,fkonmt,5.0
746,12210,1hakvdl,5.0
747,12210,1e67uj6,5.0
748,12210,10gni1l,5.0
749,12210,fdeh7g,3.0
750,12210,jv5ckm,5.0
751,12210,1798u98,5.0
752,12210,7kmmd8,5.0
753,12210,1bboocc,5.0
754,12210,qvlg0l,5.0
755,12210,rjp54h,5.0
756,12210,146kqld,4.0
757,12210,11p20r7,5.0
758,12210,ls0789,5.0
759,12210,1bk4lom,5.0
760,12210,15d7pkj,5.0
761,12210,10fllln,5.0
762,12210,8tkdhm,5.0
763,12210,f1i8do,2.0
764,12210,184e9n8,3.0
765,12210,vuhbih,5.0
766,12210,lo4i4m,5.0
767,12210,rkdku8,5.0
768,12210,tm3b13,5.0
769,12210,9u89mq,4.0
770,12210,99ha60,4.0
771,12210,14p54rd,5.0
772,12210,7pga71,5.0
773,12210,bfftd5,5.0
774,12210,8vp72s,5.0
775,12210,o32059,4.0
776,12210,skt6hu,5.0
777,12210,qu7bh8,5.0
778,12210,l7m0p8,5.0
779,12210,mujq4u,4.0
780,12210,skqpob,5.0
781,12210,kvla9t,5.0
782,12210,979b6n,5.0
783,12210,13fq5ol,5.0
784,12210,17snd2g,5.0
785,12236,mvr7c0,3.0
786,12237,10aerlv,5.0
787,12237,fkrpn2,5.0
788,12237,m7d4rq,5.0
789,12237,ulmrcq,5.0
790,12222,158vrhl,5.0
791,12222,7n2phh,5.0
792,12222,ei95om,5.0
793,12222,박희태5058,4.5
794,12222,min****,4.0
795,12222,web****,4.0
796,12222,wjd****,4.0
797,12234,임훈택,5.0
798,12234,pym****,4.5
799,12162,e9e5k4,5.0
800,12162,r60lje,4.0
801,12162,르미엘66,
802,12162,국산5572,
803,12162,mon****,
804,12162,알프3639,
805,12162,nam****,
806,12162,holmes28,
807,12162,똑순이6763,
808,12162,소고기7162,5.0
809,12162,방구코끼리요정,4.0
810,12162,날자날자85,5.0
811,12162,신쌤61,5.0
812,12162,sbj****,4.0
813,12162,상식이 통하는세상,4.5
814,12162,phy****,5.0
815,12162,세윤맘95,4.5
816,12195,1e67uj6,4.0
817,12195,rkdku8,5.0
818,12195,11q0bqf,4.0
819,12195,130mnih,4.0
820,12195,litmd4,5.0
821,12195,ferjnp,1.0
822,12195,ei95om,1.0
823,12195,n290vs,5.0
824,12195,불소21,
825,12195,murim781,3.0
826,12195,유일라,4.0
827,12195,풀바이츠,5.0
828,12202,Pes0,5.0
829,12202,Artjam House,4.0
830,12202,에뜨59,5.0
831,12202,샤론582,5.0
832,12202,하늘바라기9971,4.5
833,12202,회원,4.5
834,12202,나나콘7,
835,12202,찬양20,5.0
836,12202,눈누난나3485,4.5
837,12202,승예김,5.0
838,12202,룽루랑나,5.0
839,12202,aazzx1223,4.5
840,12202,2m10,5.0
841,12202,예팅,5.0
842,12202,정원양,5.0
843,12202,art****,5.0
844,12202,찐767,4.0
845,12202,돼지감자,5.0
846,12202,오타쿠아님,
847,12202,지현1073,5.0
848,12202,트래블러스,4.0
849,12202,tammy1216,3.5
850,12202,제철이세요,5.0
851,12202,김동욱7032,4.0
852,12202,흐르는 강물처럼74,5.0
853,12202,요징어11,
854,12202,메옹39,4.0
855,12202,뚱이8428,
856,12202,호두이모30,5.0
857,12202,손동형,5.0
858,12202,히미님,4.5
859,12202,wjd****,5.0
860,12202,도운 강,4.0
861,12202,ko****,5.0
862,12202,candy11,5.0
863,12202,남수45,4.0
864,12202,찐별12,4.5
865,12202,은혜5587,
866,12202,현이2172,5.0
867,12202,RedClover,5.0
868,12202,다비치49,5.0
869,12202,안나2593,2.0
870,12202,공하정30,5.0
871,12202,최재성23,3.5
872,12202,yoo****,
873,12202,스텔라7968,4.5
874,12202,나무248,5.0
875,12202,eng****,4.5
876,12202,ehxhfl34,
877,12202,새뼘반,
878,12202,축신34,5.0
879,12202,asa****,4.0
880,12202,버들피리90,5.0
881,12202,Soovely58,3.0
882,12202,bigmacqueen,4.0
883,12202,흐린후맑음89,4.0
884,12202,김혜인2925,5.0
885,12202,thbona,4.0
886,12202,gk****,3.0
887,12202,minelisha,
888,12202,104동 다니파파,5.0
889,12202,라면조아,5.0
890,12202,꼬꼬486,4.5
891,12202,봄1722,4.0
892,12202,lak****,
893,12202,doosubby37,5.0
894,12202,eni****,5.0
895,12202,ihappy,5.0
896,12202,쩜매,5.0
897,12202,오롯이뜀박질,5.0
898,12202,ssh****,5.0
899,12202,갱블리93,4.5
900,12202,도라애몽80,5.0
901,12202,Ariana81,5.0
902,12202,토깽이8866,5.0
903,12202,영영77,
904,12202,문은진4,4.0
905,12202,이솜86,5.0
906,12202,캔디화이팅,5.0
907,12202,dhe****,4.0
908,12202,희님27,
909,12202,디엠5232,5.0
910,12202,예릴리,4.0
911,12202,박은지9082,5.0
912,12202,짜야싸모님,5.0
913,12202,미야62,5.0
914,12202,JJ778,5.0
915,12202,강남꼬맹,
916,12202,우방신천지1호점,4.5
917,12202,사랑으로 이겨요,5.0
918,12202,초코파이9545,4.0
919,12202,돌주52,5.0
920,12202,예원4796,5.0
921,12202,suk****,5.0
922,12202,1231451,5.0
923,12202,모로4028,
924,12202,phjartist,5.0
925,12202,dianai8,4.0
926,12202,신쭈16,5.0
927,12202,문득35,4.0
928,12202,sun****,3.0
929,12202,히릿8054,5.0
930,12202,챠윰,5.0
931,12202,이선영3651,3.0
932,12202,tk5346,5.0
933,12202,도연이66,4.0
934,12202,LUCE71,4.5
935,12202,bye****,3.0
936,12202,김단희80,5.0
937,12202,kkk479,5.0
938,12202,의성마늘4,5.0
939,12202,카가53,5.0
940,12202,아담키티,4.0
941,12202,홍3274,5.0
942,12202,s00****,5.0
943,12202,아직640,4.0
944,12202,gol****,4.0
945,12202,로아네집,5.0
946,12202,bluerain4392,5.0
947,12202,빈비비,5.0
948,12172,170vj11,5.0
949,12172,1kicbv7,5.0
950,12172,119d541,2.0
951,12172,gfd2l6,4.0
952,12172,17snd2g,5.0
953,12172,n3ihri,5.0
954,12172,1c6snem,5.0
955,12172,1edcqcu,5.0
956,12172,1e9emeg,5.0
957,12172,15i15rc,5.0
958,12172,11suqt3,1.0
959,12172,1b05akm,1.0
960,12172,10cgb7r,5.0
961,12172,bi8ngk,4.0
962,12172,9u89mq,4.0
963,12172,7kmtjf,5.0
964,12172,ff704n,5.0
965,12172,o32059,5.0
966,12172,n36lu4,5.0
967,12172,10iip8s,5.0
968,12172,10hvf0i,4.0
969,12172,g9se9n,5.0
970,12172,m8bjtg,3.0
971,12172,bmi7rd,4.0
972,12172,1bn2o2u,5.0
973,12172,k1f7s5,5.0
974,12172,아잉2521,
975,12172,항구49,
976,12172,집순이8488,
977,12172,free9617,4.0
978,12172,hay****,4.0
979,12172,cocoball64,4.5
980,12172,cocoball64,4.0
981,12172,져미95,4.5
982,12172,did****,5.0
983,12172,SONG5837,5.0
984,12172,cha****,5.0
985,12172,jeo****,3.5
986,12180,pjp****,5.0
987,12155,160f9g0,5.0
988,12155,nih8lr,4.0
989,12155,달고나5426,5.0
990,12229,ei95om,5.0
991,12229,12s5fvi,5.0
992,12229,uheama,5.0
993,12229,7lkjmq,5.0
994,12229,19s54ct,5.0
995,12229,unh03j,5.0
996,12229,181p9dr,5.0
997,12229,bn2tck,5.0
998,12229,16icukk,5.0
999,12229,16o5a8a,5.0
1000,12229,jss465,5.0
1001,12226,ei95om,1.0
1002,12226,qvns8c,2.0
1003,12226,17snd2g,5.0
1004,12226,ml7fc8,5.0
1005,12226,1bdl877,1.0
1006,12226,1api996,5.0
1007,12226,k85m9u,1.0
1008,12226,15dv6hk,4.0
1009,12226,frgo8h,3.0
1010,12226,17m4030,5.0
1011,12226,rkdku8,5.0
1012,12226,shentv,5.0
1013,12226,r0o95r,5.0
1014,12226,12mf7jk,3.0
1015,12226,10kn6pq,3.0
1016,12226,l632or,5.0
1017,12226,n7qpqh,4.0
1018,12226,10hvf0i,5.0
1019,12226,10k2j6v,1.0
1020,12226,9es57v,5.0
1021,12226,g2gppv,4.0
1022,12226,ko728m,3.0
1023,12226,1e9emeg,1.0
1024,12226,143qsrs,5.0
1025,12226,18ehm76,5.0
1026,12226,륜박사,
1027,12226,슈아20,
1028,12226,베라오빠,
1029,12226,율쭌남매,
1030,12226,이상한나라의alice,
1031,12226,하림닭쓰,
1032,12226,쑤야58,
1033,12226,dhk****,
1034,12226,유유81,
1035,12226,쭈루링,
1036,12226,쏭쏨19,
1037,12226,영찬도끼,
1038,12226,듀듀야노올쟈,
1039,12226,Riswell,
1040,12226,리리뽀옹,
1041,12226,Reliefer,
1042,12226,nkj****,
1043,12226,wha****,
1044,12226,몬느,
1045,12226,wls****,
1046,12226,방글이2,
1047,12226,아기물범,
1048,12226,kanaria86,
1049,12226,이명숙5671,
1050,12226,미로옹,
1051,12226,브레드빵빤,
1052,12226,커피쟁이54,
1053,12226,아리sz,
1054,12226,신신도사,
1055,12226,칼있으마69,
1056,12226,라니4341,
1057,12226,sun****,
1058,12226,얏호83,
1059,12226,wnstmd3961,
1060,12226,브레드빵빤,
1061,12226,미리보기22,
1062,12226,권수빈43,
1063,12226,제임스딘7020,
1064,12226,달지니94,
1065,12226,슬이랑나랑,
1066,12226,예룡30,
1067,12226,Wool2222,
1068,12226,브레드빵빤,
1069,12226,권수빈43,
1070,12226,jyf1203,
1071,12226,huniwoni,
1072,12226,Sweety,
1073,12226,헝그리정신4177,
1074,12226,은우아빠6199,
1075,12226,공산65,
1076,12226,김세중5977,
1077,12226,꾸러기9527,
1078,12226,jin****,
1079,12226,씨앤미,
1080,12226,포르스미스,
1081,12226,크리스티나1112,
1082,12226,y12254,
1083,12226,rud****,
1084,12226,베리3087,
1085,12226,ca****,
1086,12226,득음,
1087,12226,투앙,
1088,12226,파이어호,
1089,12226,poo****,
1090,12226,천장군56,
1091,12226,밍5616,
1092,12226,yah****,
1093,12226,jms****,
1094,12226,히히호호62,
1095,12226,zhen9,
1096,12226,keem46,
1097,12226,rid****,
1098,12226,똑똑마미,
1099,12226,복기62,
1100,12226,MJ카케어,
1101,12226,찡뀨바라기,
1102,12226,하나7810,
1103,12226,adsl0217,
1104,12226,rid****,
1105,12226,양정동먹보,5.0
1106,12226,김은진7384,
1107,12226,친구3088,
1108,12226,삐용7660,
1109,12226,주선두물류 남경무역,5.0
1110,12226,tidewell,
1111,12226,양끗멋져,
1112,12226,올해는 최고,
1113,12226,qos****,
1114,12226,썬플라워7584,
1115,12226,짬티삐오,
1116,12226,남자라요,
1117,12226,bin****,
1118,12226,bear6716,
1119,12226,콩히31,
1120,12226,caery80,
1121,12226,바비1120,
1122,12226,황혜주75,
1123,12226,우끼기,
1124,12226,부산_오드리,
1125,12226,hsc****,
1126,12226,osp****,
1127,12226,jie****,
1128,12226,동안미녀91,
1129,12226,미션질주,
1130,12226,단비8439,
1131,12226,닥터피쉬를사랑한남자,5.0
1132,12226,페로시,
1133,12226,김블리3863,
1134,12226,올해는 최고,
1135,12226,tle****,
1136,12226,lim****,
1137,12226,rachel7999,
1138,12226,프리미엄 천사,
1139,12226,shi****,
1140,12226,야미야미6320,
1141,12226,jeh****,3.0
1142,12226,션1560,
1143,12226,찐101,
1144,12226,태리888,
1145,12226,new****,
1146,12160,1k834ji,5.0
1147,12160,91nqou,5.0
1148,12160,1jvq9li,4.0
1149,12160,1ju3cjs,4.0
1150,12160,lnlmes,5.0
1151,12160,m0jc62,5.0
1152,12160,u5ctk0,5.0
1153,12160,1h0d69k,3.0
1154,12160,16bqb7j,5.0
1155,12160,11q8q16,3.0
1156,12160,1hphq9k,4.0
1157,12160,7kji0p,3.0
1158,12160,1a4iqga,5.0
1159,12160,1eh6iri,4.0
1160,12160,15dv6hk,5.0
1161,12160,1459uo4,5.0
1162,12160,mukr45,3.0
1163,12160,rkdku8,3.0
1164,12160,18ej9hn,3.0
1165,12160,sggh2m,1.0
1166,12160,fkqbrm,4.0
1167,12160,7kn0q1,5.0
1168,12160,8p1uvh,5.0
1169,12160,s6jetk,1.0
1170,12160,k1f7s5,2.0
1171,12160,n36lu4,4.0
1172,12160,bep4h8,5.0
1173,12160,12be1uq,4.0
1174,12160,7kl5lq,1.0
1175,12160,104b78l,5.0
1176,12160,cucddm,5.0
1177,12160,e2jsnb,4.0
1178,12160,boe8j6,4.0
1179,12225,주니5247,5.0
1180,12205,mvc1q6,5.0
1181,12205,k20ubo,4.0
1182,12205,1u644tj,5.0
1183,12205,15faou9,4.0
1184,12205,13if1k4,5.0
1185,12205,fkfqi4,5.0
1186,12205,1dme0d3,5.0
1187,12205,qi5s38,5.0
1188,12205,ei95om,5.0
1189,12205,18ehm76,2.0
1190,12159,ei95om,5.0
1191,12159,bp7ir5,5.0
1192,12159,1api996,4.0
1193,12159,1042bsg,5.0
1194,12159,rkdku8,5.0
1195,12159,1131305,5.0
1196,12159,e7e58r,5.0
1197,12159,lpb3ch,5.0
1198,12159,g7u2mo,5.0
1199,12159,미소천사95,4.0
1200,12253,1jjsjpr,3.0
1201,12253,rkdku8,5.0
1202,12253,1dc17bh,1.0
1203,12253,1f8i01q,1.0
1204,12253,12jffhg,5.0
1205,12253,e33rpt,5.0
1206,12253,mtl3tp,4.0
1207,12253,13dg4sa,4.0
1208,12253,16vjkjd,2.0
1209,12253,1j8h1pp,4.0
1210,12253,v02c15,5.0
1211,12253,10a4gs1,5.0
1212,12253,192rv12,5.0
1213,12253,n2t2tp,5.0
1214,12253,fag55t,4.0
1215,12253,1dddbkj,5.0
1216,12253,s3qkit,4.0
1217,12253,fk7igm,5.0
1218,12253,mvp6mk,5.0
1219,12253,1g312qr,1.0
1220,12253,mvr7c0,1.0
1221,12253,15dv6hk,5.0
1222,12253,15vb7ds,5.0
1223,12253,jv5ckm,1.0
1224,12253,upks5l,5.0
1225,12253,mrnhnj,5.0
1226,12253,146ucgh,5.0
1227,12253,7kfpil,5.0
1228,12253,7o07av,1.0
1229,12253,f6n2d5,1.0
1230,12253,o9h0al,1.0
1231,12253,o7mh52,2.0
1232,12253,ue50d0,5.0
1233,12253,7kivs2,5.0
1234,12253,frgo8h,5.0
1235,12253,qfjmpu,5.0
1236,12253,142j2n4,5.0
1237,12253,17c02ir,5.0
1238,12253,mv3690,5.0
1239,12253,8ulqe0,5.0
1240,12253,lpprfb,5.0
1241,12253,rrjd8e,4.0
1242,12253,14vnadb,5.0
1243,12253,1msj3av,1.0
1244,12164,7ki3eb,5.0
1245,12164,1aue0at,5.0
1246,12164,vjt01d,5.0
1247,12164,rkdku8,5.0
1248,12164,qu7bh8,3.0
1249,12164,1ukgo1r,3.0
1250,12164,1utpk4g,3.0
1251,12189,8tkdhm,5.0
1252,12189,o32059,4.0
1253,12189,hs1****,
1254,12189,러블리쏘99,4.0
1255,12176,era946,4.0
1256,12176,rulc2d,5.0
1257,12176,n1i76p,1.0
1258,12176,17l1pkg,5.0
1259,12176,f5fo1e,3.0
1260,12176,7lk04m,5.0
1261,12176,sjf3uj,3.0
1262,12176,m9cuis,5.0
1263,12176,n56ce5,5.0
1264,12176,15dv6hk,5.0
1265,12176,h5u02t,5.0
1266,12176,1h054dr,5.0
1267,12176,1e67uj6,5.0
1268,12176,ei95om,4.0
1269,12176,jss465,4.0
1270,12176,v2298n,1.0
1271,12176,n2inju,5.0
1272,12176,o32059,5.0
1273,12176,10k2j6v,5.0
1274,12176,ko728m,5.0
1275,12176,dl05rr,3.0
1276,12176,nq625m,5.0
1277,12176,ebru5v,5.0
1278,12176,10hvf0i,5.0
1279,12176,ei95om,1.0
1280,12176,7r9jkr,4.0
1281,12203,ar6m5h,5.0
1282,12203,l8aito,4.0
1283,12203,rrf1er,4.0
1284,12203,13mjumt,5.0
1285,12203,1h74pk1,5.0
1286,12203,1api996,3.0
1287,12203,n2bt5f,4.0
1288,12203,1i0bamr,4.0
1289,12203,k36bak,5.0
1290,12203,1as6k40,5.0
1291,12203,1e9emeg,5.0
1292,12203,1hrlvl5,5.0
1293,12203,qjpc71,1.0
1294,12203,8tkdhm,4.0
1295,12203,12e3663,5.0
1296,12203,17m4030,4.0
1297,12203,m04anf,5.0
1298,12203,155s2es,5.0
1299,12203,15dv6hk,5.0
1300,12203,1fijidm,5.0
1301,12203,jv5ckm,5.0
1302,12203,1426q2u,4.0
1303,12203,vii8cg,4.0
1304,12203,12gs5cu,5.0
1305,12203,v02c15,5.0
1306,12203,n32emq,1.0
1307,12203,qmuakr,5.0
1308,12203,19u0ejh,4.0
1309,12203,qu7bh8,5.0
1310,12203,7ktu7h,2.0
1311,12203,ei95om,4.0
1312,12203,n5r3cj,4.0
1313,12203,10gep73,1.0
1314,12203,rkdku8,5.0
1315,12203,jss465,5.0
1316,12203,mufaru,4.0
1317,12203,lglhb9,5.0
1318,12203,o32059,4.0
1319,12203,nvtah0,5.0
1320,12203,n12js1,4.0
1321,12203,g2gppv,5.0
1322,12203,ei95om,4.0
1323,12203,158t4si,5.0
1324,12187,9g44kh,5.0
1325,12187,ae1trg,5.0
1326,12187,김상진53,4.5
1327,12198,1qd9116,5.0
1328,12198,1i89mv1,5.0
1329,12198,11988vm,5.0
1330,12198,1iuk1hd,5.0
1331,12198,15dv6hk,5.0
1332,12198,1e61sf7,5.0
1333,12198,1gsi20l,5.0
1334,12198,shentv,5.0
1335,12198,rkdku8,3.0
1336,12198,ei95om,5.0
1337,12198,8nite5,4.0
1338,12198,rgp0sc,1.0
1339,12198,gf9e7r,5.0
1340,12198,ko728m,5.0
1341,12198,1jvq9li,4.0
1342,12198,11ihlfk,3.0
1343,12198,크피,
1344,12198,dokkoya,
1345,12198,강유경80,
1346,12198,비니1673,
1347,12198,tnwjd2330,5.0
1348,12198,코코수먀,4.0
1349,12198,소율248,4.5
1350,12198,낭중지추27,3.0
1351,12198,dbstnwls20,5.0
1352,12198,낭중지추27,4.0
1353,12198,sh2****,4.0
1354,12198,kkk****,4.5
1355,12198,sunfuns2001,1.0
1356,12198,해치지 않아75,4.5
1357,12190,bj2378,
1358,12190,qoq****,1.5
1359,12190,cnl****,3.0
1360,12190,jin****,4.0
1361,12190,jjm****,5.0
1362,12190,pyn****,5.0
1363,12211,망고25,
1364,12211,글쎄다33,
1365,12211,91115,
1366,12211,뿅뿅3797,
1367,12211,사과나무1725,
1368,12211,임소형61,
1369,12211,화이팅79,
1370,12211,기쁨9266,5.0
1371,12211,봉수63,
1372,12211,mint2058,5.0
1373,12211,뽀뽀뽀15,5.0
1374,12211,윤보영31,3.5
1375,12211,은달이40,2.0
1376,12211,Hagilion,3.5
1377,12211,쁠녀,5.0
1378,12211,dms****,0.5
1379,12211,모모3087,4.0
1380,12211,김태영5428,5.0
1381,12211,똥수저,
1382,12211,별이천사31,5.0
1383,12211,hobang404,5.0
1384,12211,러블리채96,4.0
1385,12211,in****,4.0
1386,12211,율이아빠79,5.0
1387,12211,choheetaek,5.0
1388,12211,jja****,5.0
1389,12211,윰둘둘,4.5
1390,12211,eun****,4.0
1391,12211,행복시작12,4.0
1392,12211,famamury,5.0
1393,12211,정예슬2219,5.0
1394,12211,촌촌이,3.0
1395,12211,hae810225,5.0
1396,12211,myni1711,1.0
1397,12211,오예3783,3.5
1398,12211,프리지아5852,2.0
1399,12211,예둥45,1.5
1400,12211,eli****,4.0
1401,12211,레이첼3413,4.5
1402,12211,다운맘59,5.0
1403,12211,또바37,4.5
1404,12211,쿠마60,4.0
1405,12211,햇님6219,2.5
1406,12211,토끼421,5.0
1407,12211,gh1****,4.0
1408,12211,wndxl1127,5.0
1409,12211,kcl****,4.5
1410,12211,누리7393,3.0
1411,12211,bnm2859,5.0
1412,12211,tea****,5.0
1413,12211,초코송이6750,1.5
1414,12211,min****,4.0
1415,12211,으아악2061,5.0
1416,12211,방콕인 히야,4.0
1417,12211,kys7506,1.0
1418,12211,min****,4.0
1419,12211,키드군68,2.0
1420,12211,이쁜언니582,4.0
1421,12211,유부해피,4.0
1422,12211,정예빈36,5.0
1423,12211,옥3213,3.0
1424,12211,희꼬96,5.0
1425,12211,변민섭35,2.0
1426,12211,펌킨쪼아,5.0
1427,12211,욱이혜린맘,4.0
1428,12211,소소한행복19,4.0
1429,12211,양쏭84,3.0
1430,12211,가을나비,5.0
1431,12211,부엉4973,5.0
1432,12211,러블리민주민서맘,3.0
1433,12211,벚꽃0,3.0
1434,12211,Hee5664,3.0
1435,12211,료마15,4.0
1436,12211,김민경8450,5.0
1437,12211,jooey95,3.0
1438,12211,김은서9947,5.0
1439,12211,디지로그247,4.0
1440,12211,김유리나,4.0
1441,12211,나쁜여자46,3.0
1442,12211,국제산공 윤태준,5.0
1443,12211,psh****,4.0
1444,12211,강지영29,5.0
1445,12211,havanap,3.0
1446,12211,봄30,5.0
1447,12211,홀연히26,4.0
1448,12211,리미7448,4.0
1449,12211,wkr****,5.0
1450,12211,태리s Factory,5.0
1451,12211,eu****,4.0
1452,12211,Jinny27,5.0
1453,12211,달님6743,5.0
1454,12211,미치지말기,5.0
1455,12211,matrix81,3.0
1456,12211,이민혁82,5.0
1457,12211,jss****,3.0
1458,12211,정이6055,3.0
1459,12211,HanS39,4.0
1460,12211,이슬비772,4.0
1461,12211,sta****,4.0
1462,12211,gud****,5.0
1463,12211,룰루랄라5879,5.0
1464,12211,푸른공조,5.0
1465,12211,cappu2,5.0
1466,12211,eys****,4.0
1467,12211,둥이9957,3.0
1468,12211,joyfive0,4.0
1469,12211,jmh****,4.0
1470,12211,rebecca2010,4.0
1471,12211,djf****,4.0
1472,12211,tjddms012,5.0
1473,12211,놀라운넘83,5.0
1474,12211,ymaggg15,3.0
1475,12211,송위교,5.0
1476,12211,혜윤88,4.0
1477,12211,홀앙희57,5.0
1478,12211,ksm****,4.0
1479,12211,윤희주74,3.0
1480,12211,dhr****,5.0
1481,12211,이세진71,5.0
1482,12211,ys40347,4.0
1483,12250,1894lth,3.0
1484,12250,10k2j6v,5.0
1485,12250,egn5up,4.0
1486,12250,1880obe,5.0
1487,12250,niclg2,5.0
1488,12250,8tkdhm,3.0
1489,12250,jss465,1.0
1490,12250,r9qoqs,5.0
1491,12250,l555qi,4.0
1492,12245,kmjthsu29,3.0
1493,12245,너낌있는녀자,4.0
1494,12245,pjp****,5.0
1495,12245,ph****,3.0
1496,12245,ksj****,4.0
1497,12245,꼬야5945,3.5
1498,12245,lsa****,5.0
1499,12245,그르지마염,5.0
1500,12245,현이맘1310,3.5
1501,12245,진해댁71,4.5
1502,12158,gfova1,3.0
1503,12158,1ij8idn,1.0
1504,12158,1aue0at,5.0
1505,12158,13egb4a,5.0
1506,12158,ehckm1,5.0
1507,12158,7oii3k,5.0
1508,12158,ku6sou,1.0
1509,12158,sar****,5.0
1510,12158,박희태5058,5.0
1511,12158,usa****,4.5
1512,12158,joa****,4.5
1513,12158,하히힛,5.0
1514,12158,kyd****,4.5
1515,12246,did****,3.0
1516,12246,정말이지18,5.0
1517,12246,공주1067,3.5
1518,12246,bellely2,5.0
1519,12247,shentv,1.0
1520,12247,1b2dspe,4.0
1521,12247,16icukk,5.0
1522,12247,1jgk6cu,5.0
1523,12247,1fq2569,4.0
1524,12247,15dv6hk,4.0
1525,12247,12ktau7,5.0
1526,12247,14ml05a,5.0
1527,12247,vr6ugu,1.0
1528,12247,p2d2ab,5.0
1529,12247,9g44kh,5.0
1530,12247,upkj7v,2.0
1531,12247,n0v053,1.0
1532,12247,rfroal,5.0
1533,12247,ei95om,5.0
1534,12247,t6c5u4,2.0
1535,12247,skqpob,5.0
1536,12247,nk6g3j,5.0
1537,12247,tcqgdk,1.0
1538,12247,n36lu4,1.0
1539,12247,eiu3u9,5.0
1540,12247,befg30,5.0
1541,12247,10mugeu,5.0
1542,12247,18ld0m2,4.0
1543,12247,1juast9,5.0
1544,12247,7mtif8,4.0
1545,12200,1ifbn2m,4.0
1546,12200,1hrlvl5,5.0
1547,12200,1da7ivr,5.0
1548,12200,ei95om,2.0
1549,12200,jss465,4.0
1550,12200,o32059,1.0
1551,12200,trqd07,5.0
1552,12200,10hvf0i,4.0
1553,12200,17snd2g,5.0
1554,12200,rhojna,3.0
1555,12191,mfj****,
1556,12191,ald****,
1557,12191,joy****,
1558,12191,콩쥐,
1559,12191,탱탱이91,
1560,12191,xkrtl5829,
1561,12191,Rrrrre,
1562,12191,dlw****,
1563,12191,나경맘2763,5.0
1564,12191,yw****,5.0
1565,12191,alw****,5.0
1566,12191,복희45,
1567,12191,방울3555,5.0
1568,12191,똘똘한한채,3.0
1569,12191,min****,2.5
1570,12191,핑크별32,5.0
1571,12191,Waaaaaaaaa,5.0
1572,12191,d99217009,4.0
1573,12191,ggo****,5.0
1574,12223,1e9emeg,5.0
1575,12223,1uskvmp,1.0
1576,12223,11b4hda,1.0
1577,12232,7lkjmq,5.0
1578,12232,128hfsu,5.0
1579,12232,vkufvs,5.0
1580,12232,1b37tu1,5.0
1581,12232,f1djk5,5.0
1582,12232,n9e1df,5.0
1583,12232,m32oro,3.0
1584,12232,1894lth,3.0
1585,12239,ei95om,5.0
1586,12239,1238pvf,4.0
1587,12239,qgblqd,5.0
1588,12239,ei95om,1.0
1589,12230,ep299n,5.0
1590,12230,bmi7rd,5.0
1591,12230,1u644tj,5.0
1592,12230,144ci8v,4.0
1593,12230,12ou766,5.0
1594,12230,아짱맘,
1595,12230,런던,
1596,12230,asd****,
1597,12230,보물을 가진자,
1598,12230,ork****,
1599,12230,보물을 가진자,
1600,12230,쑤기194,
1601,12230,SRC25,5.0
1602,12230,akfdo,
1603,12230,sky****,
1604,12230,wbg****,
1605,12230,엉이엉이,4.0
1606,12230,in****,4.5
1607,12249,1ddvcgl,4.0
1608,12249,mur1d1,5.0
1609,12249,17cnjgb,5.0
1610,12249,7labn0,3.0
1611,12249,8tkdhm,5.0
1612,12249,rr7ieh,2.0
1613,12249,9ctl5t,2.0
1614,12249,btaea7,4.0
1615,12249,mm28kt,4.0
1616,12249,마이썬77,
1617,12249,농구천재86,
1618,12249,공연조아,
1619,12249,SOBALBAL,
1620,12249,khj****,
1621,12249,fly everywhere,
1622,12249,kkk7880,
1623,12249,녹차푸푸,
1624,12249,둥둥이66,
1625,12249,mise21,
1626,12249,듀숑,
1627,12249,한도령,
1628,12249,미니치이즈,
1629,12249,일미,
1630,12249,hye****,
1631,12249,궁금짱,
1632,12249,sdm****,
1633,12249,여행다닐래효,
1634,12249,아사히다케,
1635,12249,토끼세상,
1636,12249,쒜따꿍,
1637,12249,changetweety,
1638,12249,runak,
1639,12249,성원유맘,
1640,12249,Elsa61,
1641,12249,쏘쏭22,
1642,12249,버럭멸치,5.0
1643,12249,김민돼지,
1644,12249,불량땅콩,
1645,12249,사악38,
1646,12249,랄라6471,
1647,12249,Waaaaaaaaa,
1648,12249,반짝별987,
1649,12249,l마녀l,
1650,12249,thgid,
1651,12249,두두맨두,
1652,12249,시원한뇌,
1653,12249,JHL22,
1654,12249,경이8324,
1655,12249,David88,
1656,12249,똘이아범,
1657,12249,soek0625,
1658,12249,tkf****,
1659,12249,Dolce Vita,
1660,12249,혜원맘1345,
1661,12249,han****,
1662,12249,브라보마이라이프62,
1663,12249,jo****,
1664,12249,ban****,
1665,12249,쑤기597,
1666,12249,kopuleryaji,
1667,12249,린빵,
1668,12249,내는김고,
1669,12249,lh****,
1670,12249,110soccer,
1671,12249,지구별 여행자25,5.0
1672,12249,멜로5,
1673,12249,briankim9,
1674,12249,hrl****,3.0
1675,12249,inh****,5.0
1676,12249,뺑사장,
1677,12249,김경미45,
1678,12249,스마일9472,
1679,12249,hello6425,
1680,12249,Na00,
1681,12249,퐝퐝이,
1682,12249,xiw****,
1683,12249,복딸녀,
1684,12249,비진짱,
1685,12249,Jopro,
1686,12249,eu****,
1687,12249,채채요,
1688,12249,iam****,
1689,12249,봄딸기71,
1690,12249,cleanwater09,
1691,12249,보물이 넝쿨째,
1692,12249,아쪼꼬,
1693,12249,Taylor44,
1694,12249,디디야,
1695,12249,eu****,
1696,12249,뭘자꾸하라는거야,
1697,12249,k10****,
1698,12249,꽁냥1219,
1699,12249,엔젤3958,
1700,12249,플레인98,5.0
1701,12249,hyo****,
1702,12249,ririguri,
1703,12249,꿈토끼12,
1704,12249,lee****,
1705,12249,동글이6295,
1706,12249,호랭이 꼬랭이,
1707,12249,레드라인,
1708,12249,lename0,
1709,12249,왕짜증38,
1710,12249,qkdvkd,
1711,12249,cyi****,
1712,12249,bsd8835,
1713,12249,kys****,
1714,12249,Bmw 530i xdrive,
1715,12249,dlduddhr001,
1716,12249,푸른뱀,
1717,12249,leh****,
1718,12249,후훗5851,
1719,12249,93d****,
1720,12249,var****,
1721,12249,멘토한,
1722,12249,나무늘보692,
1723,12249,허썬,
1724,12249,Eugene76,
1725,12249,나나나2943,
1726,12249,딸램스맘,
1727,12249,이희윤2377,
1728,12249,숮엉,
1729,12249,까꿍이137,
1730,12249,keyla7904,4.0
1731,12249,ㅇㅅㅇ9887,
1732,12249,스마트어드바이저,
1733,12249,Taketo,
1734,12249,nga****,
1735,12249,mulgopa,
1736,12173,1eslmlc,5.0
1737,12173,1pob49b,5.0
1738,12173,rkdku8,5.0
1739,12173,1596and,5.0
1740,12173,17snd2g,5.0
1741,12173,abrkei,5.0
1742,12173,g1o49p,5.0
1743,12173,1kd47hl,5.0
1744,12173,18enq00,3.0
1745,12173,fr95ng,5.0
1746,12173,15qocgt,4.0
1747,12173,ni665b,5.0
1748,12173,7mtif8,4.0
1749,12173,b8tgmm,5.0
1750,12173,1grprks,5.0
1751,12173,gcl379,5.0
1752,12173,n3bb4t,5.0
1753,12173,1bk4lom,5.0
1754,12173,ebq5kt,5.0
1755,12173,19kq4am,5.0
1756,12173,8tkdhm,5.0
1757,12173,145hpsv,5.0
1758,12173,o32059,5.0
1759,12173,qu7bh8,4.0
1760,12173,rjglsg,4.0
1761,12173,au1gkr,4.0
1762,12173,11j9v4d,5.0
1763,12173,1j0q955,5.0
1764,12197,11f4qe1,5.0
1765,12197,1as6k40,5.0
1766,12197,1426q2u,5.0
1767,12197,shentv,5.0
1768,12197,vglppo,4.0
1769,12197,rkdku8,5.0
1770,12197,lglhb9,5.0
1771,12197,a600sh,4.0
1772,12197,202vbnv,5.0
1773,12197,7rlokv,5.0
1774,12169,n8le9s,4.0
1775,12169,1jgk6cu,2.0
1776,12169,rulc2d,5.0
1777,12169,tbxj21,4.5
1778,12169,투빈아빠,5.0
1779,12169,sh****,4.5
1780,12169,yun****,4.0
1781,12169,keu****,4.0
1782,12169,bnk****,5.0
1783,12184,1e02b0t,5.0
1784,12184,1jpt9a9,5.0
1785,12184,rla****,3.0
1786,12184,kyd****,5.0
1787,12241,ei95om,5.0
1788,12241,10pj54d,5.0
1789,12241,r71nj6,2.0
1790,12241,kvqj0q,5.0
1791,12241,shentv,5.0
1792,12241,ei95om,5.0
1793,12170,kangsora0421,
1794,12170,마야1166,
1795,12170,도토리32,
1796,12170,ror****,
1797,12170,따부맘,
1798,12170,baby찡찡이,
1799,12170,나너랑반대,
1800,12170,sso****,
1801,12170,serisepomme,
1802,12170,min****,
1803,12170,min****,
1804,12170,mn****,
1805,12170,코스모스250,
1806,12170,Noraa,
1807,12170,pap****,
1808,12170,슈블랑,
1809,12170,햇살가득 눈부셔,
1810,12170,채워니빠,
1811,12170,나루2487,
1812,12170,코스모스250,
1813,12170,poshgirl,
1814,12170,poshgirl,
1815,12170,다니니39,
1816,12170,jwisdomh,
1817,12170,민이파파,
1818,12170,안단테칸타빌레,
1819,12170,세자매4099,
1820,12170,mcp****,
1821,12170,jason0723,
1822,12170,봄눈823,
1823,12170,쏭헤어,
1824,12170,Mjaya,
1825,12170,lym****,
1826,12170,푸른바다91,
1827,12170,dkrnahs,
1828,12170,Moana48,
1829,12170,랄랄라8814,
1830,12170,먹냥무찌,
1831,12170,tae****,
1832,12170,alo****,
1833,12170,par****,
1834,12170,dyne,
1835,12170,Mjaya,
1836,12170,산타7937,
1837,12170,qlsgnl,
1838,12170,자스민3232,
1839,12170,날아올라 나비,
1840,12170,ste****,
1841,12170,twinpa,
1842,12170,눈꽃가득,
1843,12170,무진장35,
1844,12170,hsh****,
1845,12170,upgirl0,
1846,12170,hotdog8586,
1847,12170,하늘123별93사랑,
1848,12170,anne862,
1849,12170,히게이아,
1850,12170,yhc****,
1851,12170,i크리스i,
1852,12170,힐링1582,
1853,12170,cutyhee75,
1854,12170,불타오르네40,
1855,12170,챈맘,
1856,12170,민트5510,
1857,12170,민트5510,
1858,12170,뚱띠3441,
1859,12170,제이디스,
1860,12170,제이디스,
1861,12170,황수연93,
1862,12170,트윈맘9043,
1863,12170,힐링1582,
1864,12170,아이짱65,
1865,12170,아이짱65,
1866,12170,jjb****,
1867,12170,1기 happysong sey,
1868,12170,stu****,
1869,12170,새벽꽃,
1870,12170,melon502,
1871,12170,6812h,
1872,12170,시크맘36,
1873,12170,나르샤5858,
1874,12170,삭가,
1875,12170,PEACE67,
1876,12170,Peche,
1877,12170,fel****,
1878,12170,정애기,
1879,12170,현주사랑,
1880,12170,현이5111,
1881,12170,Rabonie,
1882,12170,Mjaya,
1883,12170,김팻비,
1884,12170,은비4150,
1885,12170,jun****,
1886,12170,200****,
1887,12170,행복이045,
1888,12170,가성비왕 엠디킴,
1889,12170,홍창68,
1890,12170,gks****,
1891,12170,lzxlloollxzl,
1892,12170,가든4536,
1893,12170,힐링1582,
1894,12170,은비4150,
1895,12170,Col38,
1896,12170,크리스탈814,
1897,12170,EEK,
1898,12170,최디터,
1899,12170,qldqhd,
1900,12170,밀5512,
1901,12170,쑥5960,
1902,12170,향9189,
1903,12170,72hj,
1904,12170,limmy95,
1905,12170,난쏘쿨,
1906,12170,지지2970,
1907,12170,platina81,
1908,12170,sjm****,
1909,12170,kl****,
1910,12170,shinbda,
1911,12170,미카2895,
1912,12170,행복소녀30,
1913,12175,1jdh0fd,3.0
1914,12175,12h7a5i,5.0
1915,12251,g15mha,3.0
1916,12251,108sv39,5.0
1917,12174,dd8p97,5.0
1918,12174,uptcll,5.0
1919,12174,10celq8,5.0
1920,12174,10hvf0i,4.0
1921,12174,8tkdhm,5.0
1922,12174,jss465,3.0
1923,12149,flu47h,5.0
1924,12149,fmtaiv,1.0
1925,12149,ap7dr6,5.0
1926,12149,qoh3d9,5.0
1927,12149,vvjrt1,5.0
1928,12149,f4f7ai,4.0
1929,12149,1f6n2jq,1.0
1930,12149,14mobha,1.0
1931,12149,15hhcfb,5.0
1932,12149,rhkdbs,5.0
1933,12149,c5u0ce,5.0
1934,12149,bfc8mn,5.0
1935,12149,dho8tn,5.0
1936,12149,1hdqgvm,2.0
1937,12149,mthc12,3.0
1938,12149,n6j4n5,1.0
1939,12149,e77jfr,3.0
1940,12149,167qe0u,4.0
1941,12149,r7ejvn,4.0
1942,12149,7nk046,5.0
1943,12149,1b28nul,3.0
1944,12149,vmkauj,1.0
1945,12149,qveg5c,1.0
1946,12149,lv40ra,2.0
1947,12149,14fo1k3,1.0
1948,12149,11uiapo,1.0
1949,12149,8o30ct,1.0
1950,12149,16hhmo3,5.0
1951,12149,n4lpvr,2.0
1952,12149,8skc2o,4.0
1953,12149,vqn7qs,4.0
1954,12149,shentv,4.0
1955,12149,f7pvls,5.0
1956,12149,mvfu5b,5.0
1957,12149,eem5rh,3.0
1958,12149,11smvkh,4.0
1959,12149,h61jsd,4.0
1960,12149,13tnnq5,3.0
1961,12149,a6rfan,1.0
1962,12149,h8mqnq,5.0
1963,12149,uopead,1.0
1964,12149,1754cvs,2.0
1965,12149,12urbo5,5.0
1966,12149,v7l7k2,1.0
1967,12149,v3stj5,4.0
1968,12149,15bqmmi,4.0
1969,12149,uptcll,3.0
1970,12149,7spbu8,5.0
1971,12149,skmo1t,5.0
1972,12149,147s087,5.0
1973,12149,90iun7,1.0
1974,12149,12eieng,1.0
1975,12149,1142dok,1.0
1976,12149,d1uh01,4.0
1977,12149,urq89l,4.0
1978,12149,f1qm28,2.0
1979,12149,tsdv9f,5.0
1980,12149,ejr5kl,5.0
1981,12149,f05laq,3.0
1982,12149,7kjonb,1.0
1983,12149,ju2f0e,5.0
1984,12149,famk7e,1.0
1985,12149,c7t2i3,1.0
1986,12149,10hvf0i,4.0
1987,12149,귀여운 여인62,
1988,12149,채연9862,
1989,12149,송이동이,
1990,12149,해피호호,
1991,12149,두부맘81,
1992,12149,뚱기당뚱땅,
1993,12149,냥비,
1994,12149,iam****,
1995,12149,미소천사3085,
1996,12149,연어좋아함,
1997,12149,달려라 뚜껑,
1998,12149,그래그래맘,
1999,12149,무취향수,
2000,12149,das****,
2001,12149,나윤마미60,
2002,12149,꾸러기4649,
2003,12149,녹차푸푸,
2004,12149,Curlywavy,
2005,12149,마음껏자유,
2006,12149,나무그늘2991,
2007,12149,SOM,
2008,12149,바람이여57,
2009,12149,Dark249,
2010,12149,cos1970,
2011,12149,NANAFINE,
2012,12149,NAVER32,
2013,12149,yjh****,
2014,12149,cho12mi,
2015,12149,필승국면,
2016,12149,보테가94,
2017,12149,ros****,
2018,12149,진이빈이,
2019,12149,오루훟,
2020,12149,꾸꾸님,
2021,12149,ohjiya,
2022,12149,꼬맹이3412,
2023,12149,mus****,
2024,12149,수니941,
2025,12149,뚜오롱,
2026,12149,qha****,
2027,12149,rks****,
2028,12149,djadms90,
2029,12149,양파링15,
2030,12149,orola1225,
2031,12149,phj****,
2032,12149,구구2217,
2033,12149,jsi****,
2034,12149,cndgusehdgur,
2035,12149,acm****,
2036,12149,우롱호지차,4.0
2037,12149,깜치여요,
2038,12149,자유freedom,
2039,12149,진이내꺼,
2040,12149,빠라빠빠빠14,
2041,12149,gmt****,
2042,12149,바비박,
2043,12149,nsk****,
2044,12149,ins****,
2045,12149,mokdok,
2046,12149,rla****,
2047,12149,qksrptnr,
2048,12149,베르키온,
2049,12149,하늘바람461,
2050,12149,달콤소금,
2051,12149,은공9465,
2052,12149,hyu****,
2053,12149,라이언잠옷,5.0
2054,12149,rud****,
2055,12149,갓스날갓보미,
2056,12149,rud****,
2057,12149,doo****,
2058,12149,MINI48,
2059,12149,MINI48,
2060,12149,코코모모,
2061,12149,웃어야복온다,
2062,12149,빅마마4348,
2063,12149,khj****,
2064,12149,즐기는자,
2065,12149,어메이징그레이스96,5.0
2066,12149,라이스고슬링,
2067,12149,작은18,
2068,12149,스타게이트,
2069,12149,hmany,
2070,12149,IVORY928,
2071,12149,che****,
2072,12149,s77****,
2073,12149,블랙맘바42,5.0
2074,12149,나의날,4.5
2075,12149,원맨갱,
2076,12149,EUN JoO,
2077,12149,bby****,
2078,12149,mj****,
2079,12149,은12345678,
2080,12149,피투성이,
2081,12149,꿈처럼56,
2082,12149,찌니146,
2083,12149,s77****,
2084,12149,i크리스i,5.0
2085,12149,아띠맘,
2086,12149,상수리나무37,
2087,12149,hera764,
2088,12149,영원1736,
2089,12149,jyj****,
2090,12149,시우시은맘,
2091,12149,다유기38,
2092,12149,지애61,
2093,12149,물방울3680,
2094,12149,용용까꿍56,
2095,12149,투어디자이너,
2096,12149,꿈처럼56,
2097,12149,yun****,
2098,12149,Eunjoc,
2099,12149,Aa37,5.0
2100,12149,ai****,
2101,12149,호이호이1228,
2102,12149,콩쓰54,
2103,12149,Rena6743,
2104,12149,주쓰18,
2105,12149,이윤희2941,
2106,12149,정희진2446,
2107,12192,v1njdj,1.0
2108,12192,lsn2jc,5.0
2109,12192,r2lqeo,5.0
2110,12192,ei95om,5.0
2111,12213,7mtif8,4.0
2112,12213,1jgk6cu,5.0
2113,12213,14ml05a,5.0
2114,12213,rna5o2,5.0
2115,12213,rkdku8,5.0
2116,12213,12be1uq,5.0
2117,12213,o32059,5.0
2118,12213,nt53m6,4.0
2119,12213,ei95om,5.0
2120,12213,1jvq9li,4.0
2121,12213,l64bel,5.0
2122,12206,1gkboaf,5.0
2123,12206,1042bsg,4.0
2124,12206,shentv,3.0
2125,12206,upkj7v,5.0
2126,12206,skqpob,5.0
2127,12206,m6iolb,1.0
2128,12206,vnj3un,2.0
2129,12206,8p37lu,1.0
2130,12206,f1qm28,1.0
2131,12206,qvk96p,1.0
2132,12206,9tidde,4.0
2133,12206,1kicbv7,1.0
2134,12206,gfd2l6,3.0
2135,12227,voco1t,1.0
2136,12227,7mtif8,5.0
2137,12227,1gsanoi,5.0
2138,12227,ei95om,5.0
2139,12227,o32059,5.0
2140,12227,fkiei8,5.0
2141,12227,v905qb,1.0
2142,12227,jsr6p8,4.0
2143,12227,10hvf0i,5.0
2144,12227,1jvq9li,4.0
2145,12227,7r9egj,5.0
2146,12227,7o8dj1,5.0
2147,12177,117b8re,5.0
2148,12177,145ok9m,5.0
2149,12177,ls0789,4.0
2150,12177,n0l0ma,5.0
2151,12177,e77jfr,4.0
2152,12177,14egifo,4.0
2153,12177,fcfug5,4.0
2154,12177,a6rfan,5.0
2155,12177,8ugq7t,5.0
2156,12177,t22f87,4.0
2157,12177,7kjqs7,1.0
2158,12177,beeh8a,2.0
2159,12177,o32059,5.0
2160,12177,7kikrp,5.0
2161,12177,voa1lv,4.0
2162,12177,nd149n,5.0
2163,12177,lglhb9,3.0
2164,12167,udo2nm,5.0
2165,12167,v96ffl,5.0
2166,12167,17snd2g,5.0
2167,12167,b10d9l,5.0
2168,12167,1hn4vi4,5.0
2169,12167,11n9fkd,5.0
2170,12167,1gdq3rt,5.0
2171,12167,mp78qo,5.0
2172,12167,shentv,5.0
2173,12167,9u89mq,5.0
2174,12167,7kmtjf,5.0
2175,12167,14tnpsb,5.0
2176,12167,bee5fs,5.0
2177,12167,g53lq2,5.0
2178,12167,16f5m31,5.0
2179,12167,94kolt,5.0
2180,12212,r9cu18,5.0
2181,12212,dgealp,5.0
2182,12212,1api996,4.0
2183,12212,1h0d69k,5.0
2184,12212,7mtif8,5.0
2185,12212,1i78ja6,4.0
2186,12212,1htr1f1,3.0
2187,12212,8tkdhm,5.0
2188,12212,ei95om,5.0
2189,12212,1042bsg,5.0
2190,12212,15dv6hk,3.0
2191,12212,11e9cmh,1.0
2192,12212,13aajit,5.0
2193,12212,1c2qg1j,5.0
2194,12212,1bn2o2u,5.0
2195,12212,rkdku8,5.0
2196,12212,n43hfv,4.0
2197,12212,117brir,5.0
2198,12212,15jrkg7,5.0
2199,12212,jss465,4.0
2200,12212,108cps1,5.0
2201,12212,154lkha,5.0
2202,12212,17qfgr9,5.0
2203,12212,r0o95r,4.0
2204,12212,9vl8i1,5.0
2205,12212,kh83tm,5.0
2206,12212,o32059,5.0
2207,12212,fosf3f,3.0
2208,12212,cp3ffl,4.0
2209,12212,ff704n,4.0
2210,12212,94kolt,5.0
2211,12212,7kfcbc,5.0
2212,12212,cucddm,5.0
2213,12212,eqgdr8,4.0
2214,12212,ko728m,3.0
2215,12212,10k323i,5.0
2216,12212,7kp6ed,4.0
2217,12212,bfnv4m,5.0
2218,12212,10k2j6v,4.0
2219,12212,g53lq2,3.0
2220,12212,bmi7rd,3.0
2221,12212,m67sei,2.0
2222,12212,1e67uj6,4.0
2223,12212,8onbg1,5.0
2224,12212,nip,
2225,12212,js4933,
2226,12212,룰로랄리,
2227,12212,yue****,4.0
2228,12212,Gu3494,5.0
2229,12212,lmk****,5.0
2230,12212,밈블리84,5.0
2231,12212,깔깔마녀,5.0
2232,12212,윤형32,5.0
2233,12212,담소,5.0
2234,12212,깔깔마녀,5.0
2235,12212,sio****,4.0
2236,12212,비니1343,5.0
2237,12240,v46min,3.0
2238,12240,vii8cg,5.0
2239,12240,105cduu,1.0
2240,12186,1d38hvm,5.0
2241,12186,15dv6hk,5.0
2242,12186,ei95om,5.0
2243,12186,17nqvkd,1.0
2244,12186,1798u98,1.0
2245,12186,tfi322,5.0
2246,12186,bepshd,5.0
2247,12186,1a7299h,4.0
2248,12186,18k9bg2,5.0
2249,12186,14p54rd,5.0
2250,12186,rkdku8,5.0
2251,12186,7maofb,5.0
2252,12186,10k2j6v,3.0
2253,12186,lp4kl3,4.0
2254,12186,m44sa0,3.0
2255,12186,ysy****,5.0
2256,12186,깔삼46,5.0
2257,12186,hee****,5.0
2258,12186,장림유도,5.0
2259,12186,par****,5.0
2260,12186,이쁜둥이네,5.0
2261,12186,Vea n,4.0
2262,12186,다람쥐2266,5.0
2263,12186,별빛화살,5.0
2264,12186,smw****,3.0
2265,12186,다정7977,4.0
2266,12153,vuhbih,5.0
2267,12153,14jn51r,5.0
2268,12153,f4f7ai,5.0
2269,12153,1blb9s3,2.0
2270,12153,fopm63,5.0
2271,12153,1aq35ku,5.0
2272,12153,cvpjf2,4.0
2273,12153,lejgbs,5.0
2274,12153,cl3n5m,5.0
2275,12153,162ir07,5.0
2276,12153,7lqnno,2.0
2277,12153,1tugmhe,5.0
2278,12153,1cvor4p,5.0
2279,12153,1ddo5c3,5.0
2280,12153,1crev4c,5.0
2281,12153,17snd2g,5.0
2282,12153,12s5fvi,5.0
2283,12153,1lma9r8,5.0
2284,12153,uffolh,5.0
2285,12153,16mcbe8,5.0
2286,12153,1jgk6cu,5.0
2287,12153,1b90a3u,4.0
2288,12153,era946,2.0
2289,12153,rkdku8,3.0
2290,12153,1a1va5v,4.0
2291,12153,aub519,2.0
2292,12153,14ji7m3,5.0
2293,12153,o32059,4.0
2294,12153,10hvf0i,3.0
2295,12153,b3357v,2.0
2296,12153,7lqnno,3.0
2297,12153,10k2j6v,3.0
2298,12153,cgm6r7,4.0
2299,12153,코코샤넬526,3.0
2300,12153,씨네필94,4.0
2301,12153,박희태5058,5.0
2302,12153,piy****,5.0
2303,12153,Kimyoungju,
2304,12153,min****,
2305,12153,yer****,4.0
2306,12153,도깨비348,5.0
2307,12153,rlaaltjd,3.5
2308,12153,dbstnwls20,5.0
2309,12153,ihs8441,4.0
2310,12153,지니유니48,5.0
2311,12153,dlr****,5.0
2312,12153,gjh****,2.0
2313,12153,to38,4.0
2314,12153,다람쥐2266,5.0
2315,12161,e4hocl,5.0
2316,12161,13n0cvg,1.0
2317,12161,rkdku8,5.0
2318,12161,no972q,4.0
2319,12161,1042bsg,5.0
2320,12161,e9e5k4,3.0
2321,12161,7o07av,5.0
2322,12161,10k2j6v,3.0
2323,12193,7n622o,1.0
2324,12193,u0nh3m,1.0
2325,12193,7k8co8,1.0
2326,12193,ferjnp,1.0
2327,12193,g7l2h4,1.0
2328,12193,1e02b0t,1.0
2329,12193,1e67uj6,1.0
2330,12193,1cvor4p,1.0
2331,12193,1f5eefe,1.0
2332,12193,fsgu1v,1.0
2333,12193,99ha60,2.0
2334,12193,uptcll,3.0
2335,12193,13l6vm3,5.0
2336,12193,13m416o,3.0
2337,12193,grivjh,3.0
2338,12193,an6cvf,1.0
2339,12193,no972q,1.0
2340,12193,19b60p2,1.0
2341,12193,8rbbqd,1.0
2342,12231,8tlo1h,5.0
2343,12231,16130sn,5.0
2344,12231,1hkau6s,5.0
2345,12231,gsio1g,5.0
2346,12231,1i89mv1,5.0
2347,12231,ei95om,5.0
2348,12231,14dhsi0,5.0
2349,12231,n055ri,5.0
2350,12231,14ts6f2,5.0
2351,12231,12qdnea,5.0
2352,12231,91uc8m,5.0
2353,12231,18js7p1,5.0
2354,12231,1b37tu1,5.0
2355,12231,vript4,5.0
2356,12231,12h7a5i,5.0
2357,12231,17dq8nt,4.0
2358,12231,15h0uan,5.0
2359,12231,bk44v1,5.0
2360,12231,e8eijg,3.0
2361,12231,u4631m,3.0
2362,12231,7l3lki,5.0
2363,12231,lg1iri,1.0
2364,12231,feg95g,3.0
2365,12231,1jvq9li,5.0
2366,12231,10dduqh,4.0
2367,12231,1n51dbq,5.0
2368,12228,fsgu1v,5.0
2369,12228,ei95om,1.0
2370,12228,f56n1s,5.0
2371,12228,g53lq2,5.0
2372,12228,tecr42,1.0
2373,12228,7lqnno,5.0
2374,12228,unl4jm,4.0
2375,12228,1u644tj,5.0
2376,12228,k36bak,2.0
2377,12157,1avosl1,5.0
2378,12157,8tkdhm,3.0
2379,12157,1426q2u,5.0
2380,12157,rkdku8,2.0
2381,12148,14jfaoj,5.0
2382,12148,tn0k2t,5.0
2383,12148,1jvq9li,3.0
2384,12148,8ok9h3,4.0
2385,12148,r12c24,5.0
2386,12148,1h2lqim,5.0
2387,12148,c965h0,5.0
2388,12148,ajik5f,3.0
2389,12148,937it2,3.0
2390,12148,rk3vav,5.0
2391,12148,7kmtjf,5.0
2392,12148,um1b0k,5.0
2393,12148,144gm46,5.0
2394,12148,1894lth,5.0
2395,12148,17n0g7g,2.0
2396,12148,c8b5af,3.0
2397,12148,kguggf,1.0
2398,12148,vv5q1c,3.0
2399,12148,qu7bh8,2.0
2400,12148,7lo5s7,3.0
2401,12148,n34iu2,4.0
2402,12148,etj5op,4.0
2403,12148,7la6mt,1.0
2404,12148,10hvf0i,3.0
2405,12148,bkmq24,4.0
2406,12148,7lqnno,3.0
2407,12148,10k2j6v,3.0
2408,12148,10akla5,3.0
2409,12148,7l477d,3.0
2410,12214,7kf7hi,1.0
2411,12183,17o10k4,3.0
2412,12244,9u89mq,3.0
2413,12244,qu7bh8,5.0
2414,12244,10u6get,1.0
2415,12244,1kj6rdr,5.0
2416,12244,dceil6,3.0
2417,12244,리오넬라,
2418,12244,둘리엉가,3.0
2419,12244,aas****,4.5
2420,12255,샤론582,
2421,12255,s_****,
2422,12255,알이즈웰36,
2423,12255,연두부9385,
2424,12255,모야모야케이,
2425,12255,Narr53,
2426,12255,모야모야케이,
2427,12255,BlairPark0730,
2428,12255,이혜원7531,
2429,12255,캐캐피,
2430,12255,aa6****,
2431,12255,wld****,
2432,12255,정가네,
2433,12255,i크리스i,
2434,12255,polovesig2,
2435,12255,소ㅇi,
2436,12255,밍싱,
2437,12255,mid****,
2438,12255,모야모야케이,
2439,12255,썸머8912,
2440,12255,Rimyang,
2441,12255,모뜨,
2442,12255,똑,
2443,12255,Narr53,
2444,12255,슈피79,
2445,12255,JustNOW,
2446,12255,hmgm,
2447,12255,jeong4869,
2448,12255,Foodlover,5.0
2449,12255,완소아35,
2450,12255,원3121,
2451,12255,웅s46,
2452,12255,소ㅇi,
2453,12255,annika1004,
2454,12255,dbw****,
2455,12255,ENT,
2456,12255,hmgm,
2457,12255,연두부9385,
2458,12255,하싼48,
2459,12255,ㅎㅎㅎㅎㅎㅎㅎㅎ64,
2460,12255,쯔리80,
2461,12255,jane731,
2462,12255,i크리스i,
2463,12255,SOY90,
2464,12255,콩콩이7675,
2465,12255,Alex2393,
2466,12255,단다닝,
2467,12255,헉키,
2468,12255,성적사냥꾼,
2469,12255,sun****,
2470,12255,유앤미블루17,
2471,12255,레베818,
2472,12255,정이1464,
2473,12255,1023bora,
2474,12255,ohch2003,
2475,12255,김회장님82,
2476,12255,지니팡47,
2477,12255,hmgm,
2478,12255,소비자,
2479,12255,라떼950,5.0
2480,12255,blackp97,
2481,12255,Uo22,
2482,12255,사장님렌터카 박과장,
2483,12255,소머즈86,5.0
2484,12255,ohch2003,
2485,12255,eun****,5.0
2486,12255,돌고래468,
2487,12255,성적사냥꾼,
2488,12255,kis****,
2489,12255,신예지95,
2490,12255,mn****,
2491,12255,rwmom,
2492,12255,란6239,4.0
2493,12255,어러이,
2494,12255,파반느50,
2495,12255,Mallak,4.5
2496,12255,제이9413,
2497,12255,사과나무5238,
2498,12255,horizon,
2499,12255,lee****,
2500,12255,올해는 최고,
2501,12255,메이2429,
2502,12255,lemon2653,
2503,12255,연두부9385,4.5
2504,12255,몽구스8071,
2505,12255,영버,
2506,12255,sjy****,
2507,12255,Cinci,
2508,12255,뉴욕 맨하튼,5.0
2509,12255,올해는 최고,
2510,12255,수소이온,4.0
2511,12255,하루하루5215,
2512,12255,박딸기,
2513,12255,HAM5492,4.5
2514,12255,anne862,
2515,12255,코코너시,5.0
2516,12255,숮엉,5.0
2517,12255,ju4****,
2518,12255,yeathree,3.0
2519,12255,연두부9385,4.5
2520,12255,dbgmlwo7,
2521,12255,힐링1582,
2522,12255,리스트 발라드,
2523,12255,nem****,
2524,12255,Jun449,
2525,12255,뀨웅32,
2526,12255,나혜,4.0
2527,12255,장재영1498,4.5
2528,12255,fly****,1.0
2529,12255,Ggg91,
2530,12255,Jew,1.0
2531,12255,승도리다,
2532,12255,byu****,
2533,12255,뚜요니35,
2534,12255,kkmmzwe,
2535,12255,똑똑마미,
2536,12255,못낸이 저팔계,
2537,12255,량아26,
2538,12255,넨이,
2539,12255,luv****,
2540,12147,bepshd,4.0
2541,12147,10rgjpb,5.0
2542,12147,bfctbb,4.0
2543,12147,16kk2c1,4.0
2544,12147,n01oj2,1.0
2545,12147,7pkiu2,5.0
2546,12147,1quihom,5.0
2547,12147,7keifc,5.0
2548,12147,1j0hf6c,5.0
2549,12147,1et95mp,5.0
2550,12147,7kt3g7,5.0
2551,12147,bfp5eo,5.0
2552,12147,17snd2g,5.0
2553,12147,18ld0m2,4.0
2554,12147,bee41r,3.0
2555,12147,g1o49p,5.0
2556,12147,11cr2jl,4.0
2557,12147,konu6k,5.0
2558,12147,voa1lv,3.0
2559,12147,7npu5j,5.0
2560,12147,sn2uvg,5.0
2561,12147,12qs26r,4.0
2562,12147,gsdoko,4.0
2563,12147,edvas4,5.0
2564,12147,13v0ol5,5.0
2565,12147,v9b7g2,5.0
2566,12147,10ccmbu,5.0
2567,12147,1av8dqa,5.0
2568,12147,12luivg,5.0
2569,12147,aqv8bv,5.0
2570,12147,f0vdkn,5.0
2571,12147,1gq7laq,5.0
2572,12147,1a4iqga,5.0
2573,12147,fkfake,3.0
2574,12147,f0krhu,4.0
2575,12147,d0p3da,3.0
2576,12147,17pqi7b,5.0
2577,12147,bg5arj,4.0
2578,12147,1bn2o2u,5.0
2579,12147,u6uq98,5.0
2580,12147,o6uvg6,5.0
2581,12147,r2svcl,5.0
2582,12147,e1u7e4,3.0
2583,12147,utpmlp,1.0
2584,12147,15tk0co,5.0
2585,12147,8tcrfm,5.0
2586,12147,rkdku8,5.0
2587,12147,158u9ok,5.0
2588,12147,14tnpsb,5.0
2589,12147,9vl8i1,4.0
2590,12147,lcuc62,4.0
2591,12147,qq2caa,5.0
2592,12147,10a73pc,3.0
2593,12147,vtgq00,5.0
2594,12147,o32059,5.0
2595,12147,10a7u8i,5.0
2596,12147,kenhip,3.0
2597,12147,frged3,5.0
2598,12147,au1gkr,4.0
2599,12147,8tkdhm,3.0
2600,12147,momcir,5.0
2601,12147,10iip8s,5.0
2602,12147,10cgb7r,5.0
2603,12147,bnstic,4.0
2604,12147,101enmo,3.0
2605,12147,10k2j6v,4.0
2606,12147,o5qr9s,4.0
2607,12147,bfnv4m,4.0
2608,12147,7pefkb,4.0
2609,12147,a5tlqh,4.0
2610,12147,10cl046,4.0
2611,12147,g53lq2,5.0
2612,12147,10l7t13,5.0
2613,12147,7kp6ed,4.0
2614,12147,sex****,
2615,12147,Hamjji,
2616,12147,쿠니맘맘,
2617,12147,마이쮸39,
2618,12147,mus****,
2619,12147,유Bella,
2620,12147,os7738,
2621,12147,tot****,
2622,12147,리해달,
2623,12147,두리철,
2624,12147,b11****,
2625,12147,war****,
2626,12147,nsk****,
2627,12147,pingki0913,
2628,12147,행복미소17,
2629,12147,dgc****,
2630,12147,sdf****,
2631,12147,007****,
2632,12147,tot****,
2633,12147,민스마미,
2634,12147,민스마미,
2635,12147,유유8949,
2636,12147,iyo****,
2637,12147,탕슉사마,
2638,12147,즌8786,
2639,12147,붕어하루,
2640,12147,jou****,
2641,12147,tot****,
2642,12147,새털구르미,
2643,12147,뭉게구름4182,
2644,12147,ros****,
2645,12147,jasooonn,
2646,12147,마루마루24,
2647,12147,naazzang,
2648,12147,으닝8730,
2649,12147,dre****,
2650,12147,ATOM1215,
2651,12147,rec****,
2652,12147,달콩8638,
2653,12147,밀맨99,
2654,12147,김현정1819,
2655,12147,뇽이7932,
2656,12147,콩쥐,
2657,12147,hajh81,
2658,12147,minlia,
2659,12147,밀맨99,
2660,12147,고원68,
2661,12147,soc****,
2662,12147,과감한리뷰어,
2663,12147,징케67,
2664,12147,추영춘,
2665,12147,ceyach,
2666,12147,똥파리 아빠,
2667,12147,김허니,
2668,12147,칠면조95,
2669,12147,pa3395,
2670,12147,scs****,
2671,12147,민스마미,
2672,12147,민스마미,
2673,12147,tot****,
2674,12147,민스마미,
2675,12147,조이무역,
2676,12147,무지개풍선님,
2677,12147,민스마미,
2678,12147,민스마미,
2679,12147,JJ7356,
2680,12147,veryvery20,
2681,12147,써니8375,
2682,12147,by****,
2683,12147,tin****,
2684,12147,xog****,
2685,12147,나롱이37,4.5
2686,12147,딸기맘7138,
2687,12147,lhj****,
2688,12147,ssoda2929,
2689,12147,곰도링ㅇ,
2690,12147,akd****,
2691,12147,kke****,
2692,12147,포스트그래롤라,
2693,12147,아잉1924,
2694,12147,허브3355,
2695,12147,kil3454,
2696,12147,ekk****,
2697,12147,메롱이6198,
2698,12147,jef****,
2699,12147,빈투10,
2700,12147,2j2****,
2701,12147,소소함38,
2702,12147,민스마미,
2703,12147,mye****,
2704,12147,yok1591,
2705,12147,퐝문이,
2706,12147,꼬꼬닭90,
2707,12147,허브1330,
2708,12147,JAE69,
2709,12147,메롱이6198,
2710,12147,최은영6893,
2711,12147,왕짱구88,
2712,12147,모암스,
2713,12147,베리베리 뮈워뮈워,5.0
2714,12147,lif****,
2715,12147,lee****,
2716,12147,gml****,
2717,12147,hon****,
2718,12147,jamik3848,
2719,12147,김명옥63,
2720,12147,메롱이6198,
2721,12147,퐝문이,
2722,12147,bab****,
2723,12147,다이아나72,
2724,12147,푸니의돌돌카페,
2725,12147,ooo3432,
2726,12147,rina5675,
2727,12147,35****,
2728,12147,사바하9517,
2729,12147,메롱이6198,
2730,12147,해루14,
2731,12147,sun****,
2732,12147,다람이6936,
2733,12147,벼리9977,
2734,12156,고니2672,5.0
2735,12156,모팔모22,5.0
2736,12150,rc48up,3.0
2737,12150,mulpvi,3.0
2738,12150,1iarvcf,5.0
2739,12150,7kmtjf,5.0
2740,12150,rdlste,5.0
2741,12150,ge4jdl,2.0
2742,12150,9smdpq,5.0
2743,12150,1utpk4g,3.0
2744,12150,1qgi47a,5.0
2745,12150,15faou9,5.0
2746,12150,158vrhl,4.0
2747,12150,1jvq9li,3.0
2748,12150,o6s2mc,2.0
2749,12150,7seep5,5.0
2750,12150,7mmpq0,2.0
2751,12150,oan06n,4.0
2752,12150,1a1e9ae,2.0
2753,12150,1ebl5a8,5.0
2754,12150,b74bkm,4.0
2755,12150,d1v6l5,3.0
2756,12150,ci5a38,5.0
2757,12150,1466qe3,1.0
2758,12150,19uk6c1,5.0
2759,12150,bh8e6q,4.0
2760,12150,1e0g5d7,5.0
2761,12150,n0qu3k,2.0
2762,12150,e4i3jj,4.0
2763,12150,ftmgjh,1.0
2764,12150,145ok9m,5.0
2765,12150,15vjum4,3.0
2766,12150,t4nj7k,2.0
2767,12150,ausso3,3.0
2768,12150,bfagc5,5.0
2769,12150,1f4pdig,3.0
2770,12150,15qocgt,4.0
2771,12150,c54jku,5.0
2772,12150,g74q02,1.0
2773,12150,17k6tgc,4.0
2774,12150,dmnq5h,5.0
2775,12150,la3j5j,4.0
2776,12150,v3opti,5.0
2777,12150,7mtif8,5.0
2778,12150,1da7ivr,5.0
2779,12150,13v0ol5,5.0
2780,12150,e77jfr,3.0
2781,12150,1jgk6cu,5.0
2782,12150,vlv16d,5.0
2783,12150,1bpa1fi,2.0
2784,12150,1eua79l,5.0
2785,12150,1ep75r8,1.0
2786,12150,betcln,5.0
2787,12150,1218u1h,2.0
2788,12150,1b244if,5.0
2789,12150,1gdq3rt,5.0
2790,12150,12fem5i,4.0
2791,12150,1h054dr,5.0
2792,12150,1410ts7,5.0
2793,12150,19mlsf4,4.0
2794,12150,1307ctq,3.0
2795,12150,v9671u,5.0
2796,12150,1a4iqga,5.0
2797,12150,rdde8r,3.0
2798,12150,1da2iaa,3.0
2799,12150,1agcafc,5.0
2800,12150,10gbuhi,3.0
2801,12150,fkfake,3.0
2802,12150,1cru7gk,5.0
2803,12150,12nsi14,5.0
2804,12150,bed708,1.0
2805,12150,v6r9mq,1.0
2806,12150,192rv12,4.0
2807,12150,1beugrh,1.0
2808,12150,vript4,3.0
2809,12150,108cps1,4.0
2810,12150,rogica,5.0
2811,12150,muecid,4.0
2812,12150,lm5t84,3.0
2813,12150,15q2gf9,1.0
2814,12150,ei95om,1.0
2815,12150,daet24,3.0
2816,12150,aodcq5,1.0
2817,12150,aod6k5,4.0
2818,12150,n791o4,3.0
2819,12150,10gvoed,1.0
2820,12150,14og7n4,1.0
2821,12150,12aticf,1.0
2822,12150,fsgu1v,1.0
2823,12150,13au24j,1.0
2824,12150,14kalom,5.0
2825,12150,gh77d8,3.0
2826,12150,13l6vm3,1.0
2827,12150,123avnj,4.0
2828,12150,118beik,5.0
2829,12150,uvbobi,5.0
2830,12150,12ui7gr,4.0
2831,12150,levm04,5.0
2832,12150,ff704n,5.0
2833,12150,11d40pk,1.0
2834,12150,qku8ij,4.0
2835,12150,qql4i0,5.0
2836,12150,lcuc62,4.0
2837,12150,af74va,5.0
2838,12150,t5og2u,3.0
2839,12150,muj6f8,5.0
2840,12150,emhgre,5.0
2841,12150,94kolt,5.0
2842,12150,10irplb,5.0
2843,12150,7njicf,5.0
2844,12150,10a7u8i,4.0
2845,12150,e7qg94,5.0
2846,12150,7oii3k,5.0
2847,12150,ude2i6,4.0
2848,12150,f1qm28,5.0
2849,12150,tsdv9f,5.0
2850,12150,o32059,4.0
2851,12150,e8tbou,1.0
2852,12150,sedout,1.0
2853,12150,10lt33b,3.0
2854,12150,bmt848,1.0
2855,12150,10a73pc,3.0
2856,12150,av7iae,1.0
2857,12150,8tkdhm,3.0
2858,12150,mnvbef,2.0
2859,12150,7l14ft,5.0
2860,12150,o3m7i4,5.0
2861,12150,10lppbh,1.0
2862,12150,lpq55h,5.0
2863,12150,bf9k1h,4.0
2864,12150,7kd3eq,2.0
2865,12150,bnstic,3.0
2866,12150,7lqnno,4.0
2867,12150,10k323i,4.0
2868,12150,10hvf0i,5.0
2869,12150,a5tlqh,4.0
2870,12150,11j95hn,5.0
2871,12150,qu7bh8,2.0
2872,12150,10cl046,3.0
2873,12150,10k2j6v,3.0
2874,12150,10cgb7r,3.0
2875,12150,g53lq2,4.0
2876,12150,7l477d,3.0
2877,12150,7pefkb,4.0
2878,12217,muqep4,5.0
2879,12217,1cvor4p,5.0
2880,12217,1utpk4g,4.0
2881,12217,1ot5jo2,5.0
2882,12217,1ucht8c,5.0
2883,12217,sm5etr,3.0
2884,12217,rulc2d,2.0
2885,12217,fpjn2s,5.0
2886,12217,1tugmhe,5.0
2887,12217,1714i5f,5.0
2888,12217,p24vio,4.0
2889,12217,qtaqqo,3.0
2890,12217,149ohck,5.0
2891,12217,7n5jaj,5.0
2892,12217,17ejfn1,5.0
2893,12217,eco435,4.0
2894,12217,snoerd,5.0
2895,12217,m1ilt9,5.0
2896,12217,afe7lg,1.0
2897,12217,1lbk7kl,5.0
2898,12217,11etfrh,5.0
2899,12217,17m4030,5.0
2900,12217,1f3h3q2,5.0
2901,12217,12ou766,5.0
2902,12217,1i2g4hl,5.0
2903,12217,1hkc1sj,5.0
2904,12217,117785k,5.0
2905,12217,180resr,5.0
2906,12217,mtgiaa,5.0
2907,12217,1c6sfdu,5.0
2908,12217,17snd2g,5.0
2909,12217,1i78ja6,5.0
2910,12217,m46lo3,5.0
2911,12217,1jetaip,5.0
2912,12217,15v0vvq,5.0
2913,12217,qv95f6,5.0
2914,12217,16nkd35,1.0
2915,12217,t4nj7k,5.0
2916,12217,1lqjmu3,5.0
2917,12217,luq15p,5.0
2918,12217,mfhbq1,5.0
2919,12217,1i85lso,5.0
2920,12217,11988vm,4.0
2921,12217,lr5dkf,5.0
2922,12217,m0jc62,5.0
2923,12217,11qrh1r,5.0
2924,12217,1api996,1.0
2925,12217,1hkau6s,5.0
2926,12217,ob636n,5.0
2927,12217,dkm07s,4.0
2928,12217,1c3q7n9,5.0
2929,12217,1e9emeg,4.0
2930,12217,d0sh26,5.0
2931,12217,7mtif8,5.0
2932,12217,1bs6d3m,1.0
2933,12217,1c06cbp,5.0
2934,12217,1jgk6cu,5.0
2935,12217,1jalhqi,5.0
2936,12217,18lcb06,5.0
2937,12217,1hh8lfi,5.0
2938,12217,17a8r54,4.0
2939,12217,1hakvdl,5.0
2940,12217,11n9fkd,5.0
2941,12217,urm99l,5.0
2942,12217,1drdh9h,5.0
2943,12217,kuofie,5.0
2944,12217,1gf5sbo,1.0
2945,12217,eci9tn,5.0
2946,12217,1042bsg,5.0
2947,12217,1fuklb6,5.0
2948,12217,h6j23d,5.0
2949,12217,14rjjua,5.0
2950,12217,14kjggu,5.0
2951,12217,dle59q,5.0
2952,12217,19hbs9o,5.0
2953,12217,16i0q8n,5.0
2954,12217,mib7of,5.0
2955,12217,vii8cg,5.0
2956,12217,fq5t2u,5.0
2957,12217,1coa7j7,5.0
2958,12217,175rs5k,5.0
2959,12217,15rf596,5.0
2960,12217,13ml2sc,3.0
2961,12217,vript4,5.0
2962,12217,12ppro8,5.0
2963,12217,1bsdlo4,5.0
2964,12217,128nnso,4.0
2965,12217,mukr45,5.0
2966,12217,1bn2o2u,5.0
2967,12217,n43hfv,5.0
2968,12217,19qrka6,3.0
2969,12217,1bcjivb,5.0
2970,12217,n055ri,5.0
2971,12217,14paj6u,5.0
2972,12217,1au2s8r,5.0
2973,12217,1b3i1bq,5.0
2974,12217,1au2r00,3.0
2975,12217,12h7a5i,3.0
2976,12217,ffpgig,5.0
2977,12217,11i33ob,1.0
2978,12217,ug6jj0,5.0
2979,12217,14ml05a,4.0
2980,12217,18d2i1c,5.0
2981,12217,14p54rd,5.0
2982,12217,8tkdhm,5.0
2983,12217,ffaulk,5.0
2984,12217,gr06qk,5.0
2985,12217,9u89mq,3.0
2986,12217,ei95om,5.0
2987,12217,151a4pa,4.0
2988,12217,16jbgef,5.0
2989,12217,arbp0g,5.0
2990,12217,rkdku8,5.0
2991,12217,k1f7s5,5.0
2992,12217,10mj17f,5.0
2993,12217,r0o95r,3.0
2994,12217,n2a1a3,4.0
2995,12217,fkfsf9,5.0
2996,12217,ajntok,5.0
2997,12217,7kh3re,5.0
2998,12217,nv08op,3.0
2999,12217,139usbi,4.0
3000,12217,ktcc1o,5.0
3001,12217,uvbobi,5.0
3002,12217,d9p3hp,5.0
3003,12217,o32059,5.0
3004,12217,v1njdj,4.0
3005,12217,uobpa4,5.0
3006,12217,11iqbbt,5.0
3007,12217,1155gs8,5.0
3008,12217,t75ue8,5.0
3009,12217,ff704n,5.0
3010,12217,vl1ki2,5.0
3011,12217,1038bsp,5.0
3012,12217,10k441o,5.0
3013,12217,ehu3gh,5.0
3014,12217,e2jsnb,5.0
3015,12217,10a7u8i,5.0
3016,12217,qh7ask,5.0
3017,12217,7l14ft,3.0
3018,12217,bnstic,4.0
3019,12217,o8jo6u,5.0
3020,12217,delfte,4.0
3021,12217,fhs3an,5.0
3022,12217,jvgjed,5.0
3023,12217,magiqt,5.0
3024,12217,emhgre,4.0
3025,12217,10iip8s,4.0
3026,12217,10cgb7r,4.0
3027,12217,e8ro6t,4.0
3028,12217,lb9c1k,5.0
3029,12217,7kd3eq,4.0
3030,12217,o5qr9s,4.0
3031,12217,7v523t,4.0
3032,12217,8skte6,4.0
3033,12217,k6tkq6,4.0
3034,12217,bjnb0l,5.0
3035,12217,7kojcc,5.0
3036,12217,a5tlqh,5.0
3037,12217,10a73pc,4.0
3038,12217,7k84cg,5.0
3039,12217,10k2j6v,3.0
3040,12217,au4ujq,3.0
3041,12217,10hvf0i,4.0
3042,12217,11vafns,3.0
3043,12217,11b7e3u,5.0
3044,12217,muqep4,3.0
3045,12217,레고사랑매니아,
3046,12217,sop****,
3047,12217,복돼지도사,
3048,12217,예쥐0,
3049,12217,jun****,
3050,12217,윤선생IGSE광안학원,
3051,12217,minj1030,5.0
3052,12217,꽃다운그자29,
3053,12217,dreamwd21,4.0
3054,12217,flower story,
3055,12217,아장39,
3056,12217,하잇4376,
3057,12217,dhr****,4.0
3058,12217,abd****,5.0
3059,12217,keju119,4.0
3060,12217,빡구47,0.5
3061,12217,블루베리딸기,3.0
3062,12217,이쁜맘2811,3.5
3063,12217,qor****,5.0
3064,12217,MH261,4.0
3065,12217,블루베리딸기,3.5
3066,12217,tjd****,4.0
3067,12217,별이15,3.0
3068,12217,MH261,4.5
3069,12217,kfc****,4.0
3070,12217,잔도길 빠졌어요,5.0
3071,12217,961****,4.0
3072,12217,dct****,
3073,12217,이뚜세,5.0
3074,12217,lss****,2.5
3075,12217,제이드9060,5.0
3076,12217,김나경7033,3.0
3077,12217,sar****,5.0
3078,12217,최소은8295,5.0
3079,12217,chu****,5.0
3080,12217,03a****,5.0
3081,12217,kkemj,5.0
3082,12217,bel****,5.0
3083,12217,스카이사랑,3.0
3084,12217,꿈꾸는 희야,5.0
3085,12217,폴라리스5933,4.0
3086,12217,에머랄드59,4.5
3087,12217,배은경35,4.5
3088,12217,최동안,5.0
3089,12217,pin****,5.0
3090,12217,ta****,5.0
3091,12217,셋맘9894,5.0
3092,12217,sto****,4.5
3093,12217,min****,4.0
3094,12217,귀욤52,5.0
3095,12217,유하나79,5.0
3096,12217,쮸완맘,3.0
3097,12217,환용김,5.0
3098,12217,sso****,4.0
3099,12217,ye****,4.0
3100,12217,사람3769,4.0
3101,12217,슈가롱,5.0
3102,12217,울버린18,5.0
3103,12217,태고의달인,
3104,12217,wnd****,
3105,12254,e7h55k,1.0
3106,12254,18nni0e,5.0
3107,12254,180i3o6,5.0
3108,12254,7knu44,3.0
3109,12254,1e9emeg,5.0
3110,12254,l0bb7u,5.0
3111,12254,fag55t,5.0
3112,12254,ge4jdl,5.0
3113,12254,u1lp79,1.0
3114,12254,bf1l4v,5.0
3115,12254,15dv6hk,5.0
3116,12204,uvjs9q,5.0
3117,12204,1fja8s0,4.0
3118,12204,1c2qg1j,3.0
3119,12204,d6pv5v,5.0
3120,12204,11siaar,4.0
3121,12204,rguerg,5.0
3122,12204,v905qb,5.0
3123,12204,14cad6l,5.0
3124,12204,15b85ph,4.0
3125,12204,램프1417,5.0
3126,12204,졸앙말,5.0
3127,12204,BR669,2.0
3128,12204,하루살이7857,4.0
3129,12204,이름없음8,2.0
3130,12204,호박8836,5.0
3131,12238,1hom53d,5.0
3132,12238,1e9emeg,5.0
3133,12238,ei95om,5.0
3134,12238,1d2k9g3,5.0
3135,12238,10eiig7,1.0
3136,12238,10k2j6v,1.0
3137,12238,m6sq4e,4.0
3138,12238,usk7ib,5.0
3139,12238,mf1cgj,3.0
3140,12238,1jvq9li,4.0
3141,12238,1238pvf,4.0
3142,12238,h79o3n,5.0
3143,12238,말랑이5,4.5
3144,12238,2등신,5.0
3145,12238,수야5757,5.0
3146,12238,시원하다22,3.0
3147,12215,145e0s0,3.0
3148,12215,7mtif8,1.0
3149,12215,1g4318d,1.0
3150,12215,1g72lve,5.0
3151,12215,1b7ougn,5.0
3152,12215,c4sh5f,5.0
3153,12215,8n9pe3,1.0
3154,12215,1c86ngg,1.0
3155,12215,u603kt,5.0
3156,12215,f1qd1e,3.0
3157,12215,7lkjmq,5.0
3158,12215,14cmpee,5.0
3159,12215,ds1kmn,5.0
3160,12215,bu70f3,5.0
3161,12215,rf1db5,5.0
3162,12215,gbvqlt,3.0
3163,12215,era946,4.0
3164,12215,17n0g7g,5.0
3165,12215,chsgk9,3.0
3166,12215,꾸준함의미학,
3167,12215,Holic62,
3168,12215,pop****,
3169,12215,min****,
3170,12215,gogogogo61,
3171,12215,양정동먹보,
3172,12215,cjh****,
3173,12215,걸어가요,
3174,12215,기린2340,
3175,12215,호야880,
3176,12215,복딸녀,
3177,12215,hap****,
3178,12215,푸링33,
3179,12215,homlys,
3180,12215,이쁘니495,
3181,12215,희야4586,
3182,12215,유졔에,
3183,12215,윈디37,
3184,12215,히히호호16,
3185,12215,꾸우93,
3186,12215,즐기는자,
3187,12215,500****,
3188,12215,lilyschool01,
3189,12215,멋진소피,
3190,12215,oil****,
3191,12215,이현희499,
3192,12215,천장군56,
3193,12215,람보르기니91,
3194,12215,정지원 쿠쿠루삥뽕,
3195,12215,어쭈구리1718,
3196,12215,son****,
3197,12215,고진감래,
3198,12215,cha****,
3199,12215,하하하1971,
3200,12215,1192830903,
3201,12215,LOVE542,
3202,12215,정관갈매기,
3203,12215,eec****,
3204,12215,초심21,
3205,12215,나니우먼,
3206,12215,LOVE542,
3207,12215,nkj****,
3208,12215,miae0413,
3209,12215,200****,
3210,12215,블랙야크블랙,
3211,12215,min****,0.5
3212,12215,미션질주,4.5
3213,12215,어먀,
3214,12215,미소9515,
3215,12215,qaz5,
3216,12215,당근6358,4.0
3217,12215,eun****,
3218,12215,kka****,
3219,12215,그냥저냥73,4.0
3220,12215,쌈이73,
3221,12215,라라7025,
3222,12215,꽃피는봄이오면98,
3223,12215,kim****,
3224,12215,씨그램69,5.0
3225,12215,rosymarch,3.5
3226,12215,Wwss,4.0
3227,12215,이혜림98,4.5
3228,12215,cjsrnr5004,0.5
3229,12215,bee3838,5.0
3230,12215,mongmong40,5.0
3231,12215,하늘하늘3350,4.0
3232,12215,hini59,5.0
3233,12215,린25,5.0
3234,12215,바비걸,5.0
3235,12215,똔녕,4.5
3236,12215,캐미컬X,4.0
3237,12215,행복한하루6470,3.0
3238,12215,blueboop,2.5
3239,12215,dra****,3.5
3240,12215,so****,4.0
3241,12215,만득이589,4.5
3242,12215,솝솝3,5.0
3243,12215,pre****,4.5
3244,12215,박윤지65,4.5
3245,12215,유기농언니,5.0
3246,12215,annalist6,4.0
3247,12215,yolo59,5.0
3248,12215,겸상,4.0
3249,12215,sh2****,3.0
3250,12215,짠짠언니,5.0
3251,12215,선더기89,5.0
3252,12215,민민밍45,4.5
3253,12215,해피걸7973,4.5
3254,12215,pqpq,4.0
3255,12215,pqpq,5.0
3256,12215,열정4994,5.0
3257,12215,아름다운가게,5.0
3258,12215,흐미3214,5.0
3259,12215,musk13,3.0
3260,12215,겸쓰60,4.5
3261,12215,팅커벨8951,4.0
3262,12215,kim****,3.5
3263,12215,jem****,2.0
3264,12215,jjj****,5.0
3265,12215,야실이,3.5
3266,12215,KB공인중개사,3.0
3267,12215,saygood66,4.5
3268,12215,전포동남,5.0
3269,12215,wht****,5.0
3270,12215,HYO3,4.0
3271,12215,콘콘31,5.0
3272,12215,happy0109,4.0
3273,12215,다코스,3.5
3274,12233,bg5arj,5.0
3275,12233,tja05a,5.0
3276,12233,7lqnno,5.0
3277,12233,1uqbk3u,1.0
3278,12233,13vqg5n,1.0
3279,12233,bqc14o,5.0
3280,12144,13sfmgh,1.0
3281,12144,ltrfdt,1.0
3282,12144,vmd10g,5.0
3283,12144,1b73pca,5.0
3284,12144,ev9nnd,5.0
3285,12144,fmhibp,1.0
3286,12144,umc1m2,4.0
3287,12144,n0o1um,5.0
3288,12144,eco435,5.0
3289,12144,vfr9cq,4.0
3290,12144,8q3acu,4.0
3291,12144,17jqul6,5.0
3292,12144,al7vje,5.0
3293,12144,mvm8kd,4.0
3294,12144,1a0fi06,5.0
3295,12144,f5fo1e,5.0
3296,12144,n0f0sd,4.0
3297,12144,149p63u,4.0
3298,12144,vffoil,4.0
3299,12144,ua0v3f,5.0
3300,12144,11if1ko,5.0
3301,12144,bee41r,4.0
3302,12144,g1o49p,3.0
3303,12144,1co5gla,5.0
3304,12144,13v23as,5.0
3305,12144,17bg3js,4.0
3306,12144,a4baaf,5.0
3307,12144,t5h315,2.0
3308,12144,15qocgt,4.0
3309,12144,14vl9k4,5.0
3310,12144,bes6dn,4.0
3311,12144,14q7sjv,5.0
3312,12144,1hiui0v,4.0
3313,12144,f8uvlt,4.0
3314,12144,m8tit7,5.0
3315,12144,1c3nor4,5.0
3316,12144,e4ir9j,5.0
3317,12144,17slvff,5.0
3318,12144,1bupl69,5.0
3319,12144,p29df3,5.0
3320,12144,1242pof,5.0
3321,12144,10qg598,5.0
3322,12144,mvnf3h,4.0
3323,12144,o2gpd9,5.0
3324,12144,18k196b,2.0
3325,12144,1410ts7,5.0
3326,12144,1fq0oe2,5.0
3327,12144,1a4iqga,5.0
3328,12144,la8r6h,5.0
3329,12144,1g6c5hv,5.0
3330,12144,1eim2qk,3.0
3331,12144,92mj4g,2.0
3332,12144,vhp53r,5.0
3333,12144,10dd2gc,5.0
3334,12144,e2jsnb,3.0
3335,12144,lmmvkl,1.0
3336,12144,d9bsa3,5.0
3337,12144,n3ei2s,4.0
3338,12144,mundo8,5.0
3339,12144,udkeue,4.0
3340,12144,14ji2bc,5.0
3341,12144,l8kprt,5.0
3342,12144,mukr45,4.0
3343,12144,rhu1gf,5.0
3344,12144,begcjb,5.0
3345,12144,mp78qo,5.0
3346,12144,ls0789,5.0
3347,12144,lv9qth,4.0
3348,12144,18rlu5a,5.0
3349,12144,e724g3,5.0
3350,12144,10cgb7r,3.0
3351,12144,b6i2nm,5.0
3352,12144,12569uh,5.0
3353,12144,19kq4am,5.0
3354,12144,8tkdhm,4.0
3355,12144,ceedpt,5.0
3356,12144,fsgu1v,3.0
3357,12144,uptcll,4.0
3358,12144,ll240t,5.0
3359,12144,e5t78u,5.0
3360,12144,jss465,5.0
3361,12144,vtgq00,1.0
3362,12144,n36lu4,4.0
3363,12144,o32059,4.0
3364,12144,v1njdj,1.0
3365,12144,106cc0p,3.0
3366,12144,muj6f8,5.0
3367,12144,ff704n,5.0
3368,12144,10d498d,5.0
3369,12144,9g1d7j,5.0
3370,12144,k4pia0,4.0
3371,12144,8uuu3n,5.0
3372,12144,v1lg2c,4.0
3373,12144,kve59d,5.0
3374,12144,fkl3qm,4.0
3375,12144,bfgfa9,5.0
3376,12144,up37,3.5
3377,12144,이응525,1.5
3378,12144,fro****,4.0
3379,12144,o96****,5.0
3380,12144,swe****,5.0
3381,12144,kyd****,5.0
3382,12144,kim****,3.5
3383,12144,으아아아아가,4.0
3384,12144,dlw****,4.0
3385,12144,pony6699,5.0
3386,12144,ald****,4.0
3387,12144,ald****,4.0
3388,12144,tnq****,5.0
